country,sector,import_intensity_weighted,country_import_weight,tariff_rate
afghanistan,Apparel,0.4225696647802063,3.159616013321168e-05,3.4
afghanistan,Computers and Electronics,0.724636530637896,1.8181779579875162e-08,3.4
afghanistan,Food,0.08895378181690045,6.760588955514656e-05,3.4
afghanistan,Goods,0.2385196819246153,9.601198092208237e-07,3.4
afghanistan,Motor Vehicles,0.30932015071744573,9.949057817038598e-08,3.4
afghanistan,Services,0.06567749517561264,1.422064137608351e-06,3.4
albania,Apparel,0.4225696647802063,0.00013439000695306848,3.4
albania,Computers and Electronics,0.724636530637896,2.8402680758914344e-07,3.4
albania,Food,0.08895378181690045,0.00010449418352462473,3.4
albania,Goods,0.26041122630630426,2.111034109523482e-05,3.4
albania,Motor Vehicles,0.30932015071744573,1.546379792494209e-05,3.4
albania,Services,0.06567749517561264,4.992230311792949e-06,3.4
algeria,Apparel,0.4225696647802063,1.0021502900402333e-07,3.4
algeria,Computers and Electronics,0.724636530637896,4.511897033912526e-07,3.4
algeria,Food,0.08895378181690045,5.101730517450539e-05,3.4
algeria,Goods,0.26041122630630426,0.0019875505122698423,3.4
algeria,Motor Vehicles,0.30932015071744573,8.936543083446173e-09,3.4
algeria,Services,0.06567749517561264,1.8678768825886376e-06,3.4
all_countries,Apparel,0.4225696647802063,1.0,3.4
all_countries,Computers and Electronics,0.724636530637896,1.0,3.4
all_countries,Food,0.08895378181690045,1.0,3.4
all_countries,Goods,0.26041122630630426,1.0,3.4
all_countries,Motor Vehicles,0.30932015071744573,1.0,3.4
all_countries,Services,0.06567749517561264,1.0,3.4
andorra,Apparel,0.4225696647802063,1.3125285865200997e-08,3.4
andorra,Computers and Electronics,0.724636530637896,3.541994781446566e-06,3.4
andorra,Food,0.08895378181690045,3.282146319843304e-08,3.4
andorra,Goods,0.2385196819246153,7.422147695183893e-07,3.4
andorra,Motor Vehicles,0.30932015071744573,3.8930038539540747e-07,3.4
andorra,Services,0.06567749517561264,4.69019435814877e-06,3.4
angola,Apparel,0.4225696647802063,0.0,3.4
angola,Computers and Electronics,0.724636530637896,0.0,3.4
angola,Food,0.08895378181690045,1.1689341549335838e-06,3.4
angola,Goods,0.25973718341785934,0.00018849834668649995,3.4
angola,Motor Vehicles,0.30932015071744573,0.0,3.4
angola,Services,0.06567749517561264,0.0,3.4
anguilla,Apparel,0.4225696647802063,6.048806174623285e-07,3.4
anguilla,Computers and Electronics,0.724636530637896,0.0,3.4
anguilla,Food,0.08895378181690045,9.212309805625674e-07,3.4
anguilla,Goods,0.26041122630630426,2.7454133099751876e-07,3.4
anguilla,Motor Vehicles,0.30932015071744573,2.2730012432441593e-07,3.4
anguilla,Services,0.06567749517561264,0.0,3.4
antigua and barbuda,Apparel,0.4225696647802063,1.2432323669395927e-07,3.4
antigua and barbuda,Computers and Electronics,0.724636530637896,3.3147899226983944e-07,3.4
antigua and barbuda,Food,0.08895378181690045,1.5855539461419842e-06,3.4
antigua and barbuda,Goods,0.26041122630630426,5.140689288713769e-07,3.4
antigua and barbuda,Motor Vehicles,0.30932015071744573,3.9390386853198916e-07,3.4
antigua and barbuda,Services,0.06567749517561264,0.0,3.4
apec - asia pacific economic co-operation,Apparel,0.4225696647802063,0.5854909968489417,3.4
apec - asia pacific economic co-operation,Computers and Electronics,0.724636530637896,0.8480688081513903,3.4
apec - asia pacific economic co-operation,Food,0.08895378181690045,0.6438512212541359,3.4
apec - asia pacific economic co-operation,Goods,0.26041122630630426,0.5388788025937384,3.4
apec - asia pacific economic co-operation,Motor Vehicles,0.30932015071744573,0.7611762189261507,3.4
apec - asia pacific economic co-operation,Services,0.06567749517561264,0.7506906863005606,3.4
argentina,Apparel,0.4225696647802063,0.00011778960824719075,3.4
argentina,Computers and Electronics,0.724636530637896,1.925840259602635e-05,3.4
argentina,Food,0.08895378181690045,0.00791144924738746,3.4
argentina,Goods,0.26041122630630426,0.001346881538671494,3.4
argentina,Motor Vehicles,0.30932015071744573,0.00014934964414412084,3.4
argentina,Services,0.06567749517561264,0.00012029388853466706,3.4
armenia,Apparel,0.4225696647802063,6.0882435260015304e-05,3.4
armenia,Computers and Electronics,0.724636530637896,2.7307803393644533e-05,3.4
armenia,Food,0.08895378181690045,0.00010531792272280204,3.4
armenia,Goods,0.26041122630630426,7.59179436230046e-05,3.4
armenia,Motor Vehicles,0.30932015071744573,1.0738525826709211e-07,3.4
armenia,Services,0.06567749517561264,5.577283201780777e-06,3.4
aruba,Apparel,0.4225696647802063,1.4156133253807966e-07,3.4
aruba,Computers and Electronics,0.724636530637896,5.215199535166222e-07,3.4
aruba,Food,0.08895378181690045,4.749133536209024e-06,3.4
aruba,Goods,0.26041122630630426,1.2537737799394161e-06,3.4
aruba,Motor Vehicles,0.30932015071744573,1.5270315373458905e-07,3.4
aruba,Services,0.06567749517561264,0.0,3.4
asean - association of southeast asian nations,Apparel,0.4225696647802063,0.26785641850489783,3.4
asean - association of southeast asian nations,Computers and Electronics,0.724636530637896,0.2442861488493335,3.4
asean - association of southeast asian nations,Food,0.08895378181690045,0.082737514428722,3.4
asean - association of southeast asian nations,Goods,0.26041122630630426,0.08169248781263565,3.4
asean - association of southeast asian nations,Motor Vehicles,0.30932015071744573,0.015975925678170456,3.4
asean - association of southeast asian nations,Services,0.06567749517561264,0.06818001166466342,3.4
australia,Apparel,0.4225696647802063,0.000384478284727986,0.6
australia,Computers and Electronics,0.724636530637896,0.002590758380558588,0.6
australia,Food,0.08895378181690045,0.023195095878871846,0.6
australia,Goods,0.26041122630630426,0.004566326532520783,0.6
australia,Motor Vehicles,0.30932015071744573,0.0013473974831863494,0.6
australia,Services,0.06567749517561264,0.0018970808453831957,0.6
austria,Apparel,0.4225696647802063,0.0004944536994843931,1.8
austria,Computers and Electronics,0.724636530637896,0.0024122993124281243,1.8
austria,Food,0.08895378181690045,0.003014612576464001,1.8
austria,Goods,0.26041122630630426,0.009761779059934172,1.8
austria,Motor Vehicles,0.30932015071744573,0.00828129331411728,1.8
austria,Services,0.06567749517561264,0.002084388677592269,1.8
azerbaijan,Apparel,0.4225696647802063,5.06748442386536e-07,3.4
azerbaijan,Computers and Electronics,0.724636530637896,5.186420529513505e-07,3.4
azerbaijan,Food,0.08895378181690045,2.1766809649133173e-05,3.4
azerbaijan,Goods,0.25973718341785934,2.3224926072031248e-05,3.4
azerbaijan,Motor Vehicles,0.30932015071744573,3.418337785367465e-07,3.4
azerbaijan,Services,0.06567749517561264,1.5668878473279746e-06,3.4
bahamas,Apparel,0.4225696647802063,1.96747043284159e-06,3.4
bahamas,Computers and Electronics,0.724636530637896,5.289925425924427e-07,3.4
bahamas,Food,0.08895378181690045,1.6144742334592676e-06,3.4
bahamas,Goods,0.26041122630630426,0.0006635710961666984,3.4
bahamas,Motor Vehicles,0.30932015071744573,1.990379661736505e-06,3.4
bahamas,Services,0.06567749517561264,6.189730456137257e-06,3.4
bahrain,Apparel,0.4225696647802063,0.00030350995671294854,3.4
bahrain,Computers and Electronics,0.724636530637896,1.3255220201547168e-06,3.4
bahrain,Food,0.08895378181690045,2.5830948286409085e-05,3.4
bahrain,Goods,0.26041122630630426,0.0003464037107582081,3.4
bahrain,Motor Vehicles,0.30932015071744573,2.392218040137329e-07,3.4
bahrain,Services,0.06567749517561264,0.0,3.4
bangladesh,Apparel,0.4225696647802063,0.051789976387708124,3.4
bangladesh,Computers and Electronics,0.724636530637896,1.1619106775790151e-05,3.4
bangladesh,Food,0.08895378181690045,0.0001634254646027231,3.4
bangladesh,Goods,0.26041122630630426,0.0002517098670824417,3.4
bangladesh,Motor Vehicles,0.30932015071744573,6.790997111014477e-06,3.4
bangladesh,Services,0.06567749517561264,4.092054988367e-05,3.4
barbados,Apparel,0.4225696647802063,1.8509740983534942e-05,3.4
barbados,Computers and Electronics,0.724636530637896,6.339500738275924e-06,3.4
barbados,Food,0.08895378181690045,0.00013172224714037118,3.4
barbados,Goods,0.26041122630630426,5.708293258091873e-06,3.4
barbados,Motor Vehicles,0.30932015071744573,3.584679491600506e-08,3.4
barbados,Services,0.06567749517561264,0.00022487667288791926,3.4
belarus,Apparel,0.4225696647802063,2.407394970199256e-05,3.4
belarus,Computers and Electronics,0.724636530637896,8.693851476361312e-06,3.4
belarus,Food,0.08895378181690045,8.718696063321592e-05,3.4
belarus,Goods,0.2530737269208835,1.082216868389256e-05,3.4
belarus,Motor Vehicles,0.30932015071744573,1.1350017644077554e-07,3.4
belarus,Services,0.06567749517561264,0.0004590239825482642,3.4
belgium,Apparel,0.4225696647802063,0.0011286911578421667,1.8
belgium,Computers and Electronics,0.724636530637896,0.0011060432027065715,1.8
belgium,Food,0.08895378181690045,0.005305444354996942,1.8
belgium,Goods,0.26041122630630426,0.01351596236407432,1.8
belgium,Motor Vehicles,0.30932015071744573,0.00580016600723677,1.8
belgium,Services,0.06567749517561264,0.007541859398808399,1.8
belize,Apparel,0.4225696647802063,7.226445173410336e-07,3.4
belize,Computers and Electronics,0.724636530637896,5.58526271448155e-07,3.4
belize,Food,0.08895378181690045,0.00015155671195101836,3.4
belize,Goods,0.26041122630630426,5.571737196405972e-06,3.4
belize,Motor Vehicles,0.30932015071744573,6.834139043141458e-07,3.4
belize,Services,0.06567749517561264,0.0,3.4
benin,Apparel,0.4225696647802063,3.631379783171587e-06,3.4
benin,Computers and Electronics,0.724636530637896,4.1468307856939586e-08,3.4
benin,Food,0.08895378181690045,5.985316225464112e-05,3.4
benin,Goods,0.25973718341785934,5.632913214647074e-07,3.4
benin,Motor Vehicles,0.30932015071744573,0.0,3.4
benin,Services,0.06567749517561264,2.680634520991055e-06,3.4
bermuda,Apparel,0.4225696647802063,6.187266369090443e-07,3.4
bermuda,Computers and Electronics,0.724636530637896,1.5694676347847352e-06,3.4
bermuda,Food,0.08895378181690045,1.0849218487161801e-05,3.4
bermuda,Goods,0.26041122630630426,5.764442951459915e-07,3.4
bermuda,Motor Vehicles,0.30932015071744573,6.292684735606081e-08,3.4
bermuda,Services,0.06567749517561264,3.80903805202335e-06,3.4
bhutan,Apparel,0.4225696647802063,7.45860073347442e-09,3.4
bhutan,Computers and Electronics,0.724636530637896,1.1478427614800878e-08,3.4
bhutan,Food,0.08895378181690045,2.9473759928520828e-08,3.4
bhutan,Goods,0.23249367573182067,2.8584059829006577e-07,3.4
bhutan,Motor Vehicles,0.30932015071744573,0.0,3.4
bhutan,Services,0.06567749517561264,3.688642437919085e-07,3.4
bolivia,Apparel,0.4225696647802063,5.005588617353031e-05,3.4
bolivia,Computers and Electronics,0.724636530637896,1.0330445934489468e-05,3.4
bolivia,Food,0.08895378181690045,0.0004285524296452995,3.4
bolivia,Goods,0.26041122630630426,4.025032391239571e-05,3.4
bolivia,Motor Vehicles,0.30932015071744573,2.3361607803216046e-06,3.4
bolivia,Services,0.06567749517561264,7.628894260676359e-06,3.4
bosnia and herzegovina,Apparel,0.4225696647802063,0.000223155859015229,3.4
bosnia and herzegovina,Computers and Electronics,0.724636530637896,7.124139178560221e-06,3.4
bosnia and herzegovina,Food,0.08895378181690045,2.8721429444234153e-05,3.4
bosnia and herzegovina,Goods,0.25973718341785934,8.300877281421035e-05,3.4
bosnia and herzegovina,Motor Vehicles,0.30932015071744573,2.375102348532025e-05,3.4
bosnia and herzegovina,Services,0.06567749517561264,7.461840983946759e-05,3.4
botswana,Apparel,0.4225696647802063,4.81635175023295e-08,3.4
botswana,Computers and Electronics,0.724636530637896,1.4785525166391809e-08,3.4
botswana,Food,0.06397516545174628,2.5695100314713017e-07,3.4
botswana,Goods,0.25973718341785934,0.00045136456493318297,3.4
botswana,Motor Vehicles,0.30932015071744573,5.216714886100939e-07,3.4
botswana,Services,0.06567749517561264,1.0195240191466988e-06,3.4
brazil,Apparel,0.4225696647802063,0.0025670974711468593,2.8
brazil,Computers and Electronics,0.724636530637896,0.000579875790184237,2.8
brazil,Food,0.08895378181690045,0.028832199609529693,2.8
brazil,Goods,0.26041122630630426,0.012085566996380206,2.8
brazil,Motor Vehicles,0.30932015071744573,0.005245374949964184,2.8
brazil,Services,0.06567749517561264,0.0020605716333400898,2.8
british indian ocean territories,Apparel,0.4225696647802063,5.779093121504117e-09,3.4
british indian ocean territories,Computers and Electronics,0.724636530637896,0.0,3.4
british indian ocean territories,Food,0.08895378181690045,1.5976013790972703e-07,3.4
british indian ocean territories,Goods,0.25973718341785934,5.554723879170143e-08,3.4
british indian ocean territories,Motor Vehicles,0.30932015071744573,0.0,3.4
british virgin islands,Apparel,0.4225696647802063,3.206404847230865e-07,3.4
british virgin islands,Computers and Electronics,0.724636530637896,8.124885558410172e-08,3.4
british virgin islands,Food,0.08895378181690045,0.0,3.4
british virgin islands,Goods,0.26041122630630426,9.627607847128574e-06,3.4
british virgin islands,Motor Vehicles,0.30932015071744573,1.4254865814551719e-06,3.4
british virgin islands,Services,0.06567749517561264,0.0,3.4
brunei,Apparel,0.4225696647802063,2.7077028332419932e-05,3.4
brunei,Computers and Electronics,0.724636530637896,3.4651332728337286e-07,3.4
brunei,Food,0.08895378181690045,5.812967003732956e-07,3.4
brunei,Goods,0.25973718341785934,0.00020393516356752325,3.4
brunei,Motor Vehicles,0.30932015071744573,5.444100958881002e-09,3.4
brunei,Services,0.06567749517561264,0.0,3.4
bulgaria,Apparel,0.4225696647802063,0.0006486331462622669,3.4
bulgaria,Computers and Electronics,0.724636530637896,0.00046535107246876647,3.4
bulgaria,Food,0.08895378181690045,0.000821983975321458,3.4
bulgaria,Goods,0.26041122630630426,0.0006961856577476444,3.4
bulgaria,Motor Vehicles,0.30932015071744573,9.56213254384435e-05,3.4
bulgaria,Services,0.06567749517561264,0.0003709659324468155,3.4
burkina faso,Apparel,0.4225696647802063,6.807956839703248e-07,3.4
burkina faso,Computers and Electronics,0.724636530637896,7.630168645676884e-07,3.4
burkina faso,Food,0.08895378181690045,1.3433484205919104e-05,3.4
burkina faso,Goods,0.25973718341785934,4.446661616770601e-07,3.4
burkina faso,Motor Vehicles,0.30932015071744573,4.3016363529585695e-07,3.4
burkina faso,Services,0.06567749517561264,2.6837752761416008e-06,3.4
burma,Apparel,0.4225696647802063,0.0031850732888065365,3.4
burma,Computers and Electronics,0.724636530637896,7.960580036360946e-05,3.4
burma,Food,0.08895378181690045,4.371512607362926e-05,3.4
burma,Goods,0.25973718341785934,0.0002474444432661511,3.4
burma,Motor Vehicles,0.30932015071744573,6.880676987418377e-06,3.4
burma,Services,0.06567749517561264,4.151153531116441e-05,3.4
burundi,Apparel,0.4225696647802063,3.290909206604804e-08,3.4
burundi,Computers and Electronics,0.724636530637896,0.0,3.4
burundi,Food,0.08895378181690045,3.1769542825851956e-05,3.4
burundi,Goods,0.2258302192348448,3.815020433340379e-07,3.4
burundi,Motor Vehicles,0.30932015071744573,0.0,3.4
burundi,Services,0.06567749517561264,1.8786950392182963e-06,3.4
cabo verde,Apparel,0.4225696647802063,3.854271602431063e-08,3.4
cabo verde,Computers and Electronics,0.724636530637896,6.671089621561585e-07,3.4
cabo verde,Food,0.06397516545174628,1.5191275604565898e-05,3.4
cabo verde,Goods,0.2530737269208835,8.049692187495006e-07,3.4
cabo verde,Motor Vehicles,0.30932015071744573,0.0,3.4
cabo verde,Services,0.06567749517561264,5.684766822488353e-07,3.4
cambodia,Apparel,0.4225696647802063,0.03856047705534767,3.8
cambodia,Computers and Electronics,0.724636530637896,0.005085150602802595,3.8
cambodia,Food,0.08895378181690045,0.00045152846410605613,3.8
cambodia,Goods,0.26041122630630426,0.0018620111499968275,3.8
cambodia,Motor Vehicles,0.30932015071744573,0.00040144305114201453,3.8
cambodia,Services,0.06567749517561264,4.761611640544242e-05,3.8
cameroon,Apparel,0.4225696647802063,4.251627234059975e-06,3.4
cameroon,Computers and Electronics,0.724636530637896,1.765782751010273e-06,3.4
cameroon,Food,0.08895378181690045,0.00015381801296731733,3.4
cameroon,Goods,0.26041122630630426,4.266842179733923e-05,3.4
cameroon,Motor Vehicles,0.30932015071744573,5.158710160058492e-07,3.4
cameroon,Services,0.06567749517561264,8.109604285107157e-06,3.4
canada,Apparel,0.4225696647802063,0.012940358634449936,0.2
canada,Computers and Electronics,0.724636530637896,0.01587743598636806,0.2
canada,Food,0.08895378181690045,0.2033504880646689,0.2
canada,Goods,0.26041122630630426,0.1812379318523182,0.2
canada,Motor Vehicles,0.30932015071744573,0.15395506533871783,0.2
canada,Services,0.06567749517561264,0.1422976809647548,0.2
cayman islands,Apparel,0.4225696647802063,4.166369079931057e-08,3.4
cayman islands,Computers and Electronics,0.724636530637896,1.7097022555137834e-05,3.4
cayman islands,Food,0.08895378181690045,1.8946119775529005e-06,3.4
cayman islands,Goods,0.26041122630630426,1.2533863553041703e-06,3.4
cayman islands,Motor Vehicles,0.30932015071744573,4.3841049443033436e-07,3.4
cayman islands,Services,0.06567749517561264,1.32173445918813e-06,3.4
central african republic,Apparel,0.4225696647802063,0.0,3.4
central african republic,Computers and Electronics,0.724636530637896,1.1681933335608808e-06,3.4
central african republic,Food,0.08895378181690045,1.9062563964708777e-07,3.4
central african republic,Goods,0.25973718341785934,1.0550814801030475e-06,3.4
central african republic,Motor Vehicles,0.30932015071744573,3.6534382561177556e-08,3.4
central african republic,Services,0.06567749517561264,7.68769617655047e-06,3.4
central american common market,Apparel,0.4225696647802063,0.05094465685880277,3.4
central american common market,Computers and Electronics,0.724636530637896,0.005244141106952814,3.4
central american common market,Food,0.08895378181690045,0.04202883802194258,3.4
central american common market,Goods,0.26041122630630426,0.004427827720732908,3.4
central american common market,Motor Vehicles,0.30932015071744573,0.004194055278953869,3.4
central american common market,Services,0.06567749517561264,0.0015650412577858507,3.4
chad,Apparel,0.4225696647802063,0.0,3.4
chad,Computers and Electronics,0.724636530637896,6.976793987082944e-07,3.4
chad,Food,0.08895378181690045,0.0,3.4
chad,Goods,0.2543852201135096,1.9122547781721624e-06,3.4
chad,Motor Vehicles,0.30932015071744573,0.0,3.4
chad,Services,0.06567749517561264,4.536646328566519e-07,3.4
chile,Apparel,0.4225696647802063,0.00016095473256595992,0.8
chile,Computers and Electronics,0.724636530637896,1.7989053545694642e-05,0.8
chile,Food,0.08895378181690045,0.01707791394401712,0.8
chile,Goods,0.26041122630630426,0.002739431734052736,0.8
chile,Motor Vehicles,0.30932015071744573,6.931366242103025e-05,0.8
chile,Services,0.06567749517561264,9.866403127204816e-05,0.8
china,Apparel,0.4225696647802063,0.27372669809195266,19.3
china,Computers and Electronics,0.724636530637896,0.2679662006463293,19.3
china,Food,0.08895378181690045,0.022789436317710566,19.3
china,Goods,0.26041122630630426,0.11897211512036038,19.3
china,Motor Vehicles,0.30932015071744573,0.03743180949103432,19.3
china,Services,0.06567749517561264,0.36002949585061933,19.3
christmas island,Apparel,0.4225696647802063,5.1608491777276464e-08,3.4
christmas island,Computers and Electronics,0.724636530637896,1.1729020599180363e-06,3.4
christmas island,Food,0.08895378181690045,3.5815051467563204e-07,3.4
christmas island,Goods,0.23249367573182067,7.939378120301261e-07,3.4
christmas island,Motor Vehicles,0.30932015071744573,5.532145718323822e-09,3.4
cocos (keeling) islands,Apparel,0.4225696647802063,3.641886624098441e-07,3.4
cocos (keeling) islands,Computers and Electronics,0.724636530637896,8.148543228042557e-07,3.4
cocos (keeling) islands,Food,0.06397516545174628,0.0,3.4
cocos (keeling) islands,Goods,0.21798936878018776,3.8552643990398616e-07,3.4
cocos (keeling) islands,Motor Vehicles,0.30932015071744573,1.7352867416813059e-06,3.4
colombia,Apparel,0.4225696647802063,0.002481618488215906,3.4
colombia,Computers and Electronics,0.724636530637896,8.489733061304795e-05,3.4
colombia,Food,0.08895378181690045,0.02094892608908587,3.4
colombia,Goods,0.26041122630630426,0.0027982159640636698,3.4
colombia,Motor Vehicles,0.30932015071744573,0.00011082636820059832,3.4
colombia,Services,0.06567749517561264,0.0029373903821162083,3.4
comoros,Apparel,0.4225696647802063,6.799360934602612e-08,3.4
comoros,Computers and Electronics,0.724636530637896,1.9838438478759896e-08,3.4
comoros,Food,0.08895378181690045,1.6125553492896277e-05,3.4
comoros,Goods,0.22650426212328975,2.6903953043574707e-07,3.4
comoros,Motor Vehicles,0.30932015071744573,0.0,3.4
comoros,Services,0.06567749517561264,2.5899015944197243e-06,3.4
congo (brazzaville),Apparel,0.4225696647802063,0.0,3.4
congo (brazzaville),Computers and Electronics,0.724636530637896,3.693851724818679e-07,3.4
congo (brazzaville),Food,0.08895378181690045,1.381172094021421e-06,3.4
congo (brazzaville),Goods,0.26041122630630426,2.9294468704307013e-05,3.4
congo (brazzaville),Motor Vehicles,0.30932015071744573,1.9543421031750408e-07,3.4
congo (brazzaville),Services,0.06567749517561264,3.338099265838695e-06,3.4
congo (kinshasa),Apparel,0.4225696647802063,4.887102661445872e-08,3.4
congo (kinshasa),Computers and Electronics,0.724636530637896,1.6894188620917187e-08,3.4
congo (kinshasa),Food,0.08895378181690045,3.606366276689829e-05,3.4
congo (kinshasa),Goods,0.26041122630630426,0.00013909544479930025,3.4
congo (kinshasa),Motor Vehicles,0.30932015071744573,2.6927022262928947e-08,3.4
congo (kinshasa),Services,0.06567749517561264,3.961713649619339e-06,3.4
cook islands,Apparel,0.4225696647802063,3.1021960284723927e-07,3.4
cook islands,Computers and Electronics,0.724636530637896,2.3195297999779157e-07,3.4
cook islands,Food,0.06397516545174628,2.0391435583728503e-07,3.4
cook islands,Goods,0.2537111772250647,1.615430969528829e-07,3.4
cook islands,Motor Vehicles,0.30932015071744573,3.1444556943864085e-08,3.4
costa rica,Apparel,0.4225696647802063,0.00035702701713642314,3.4
costa rica,Computers and Electronics,0.724636530637896,0.005153206480041828,3.4
costa rica,Food,0.08895378181690045,0.010792146825695776,3.4
costa rica,Goods,0.26041122630630426,0.003895341972346478,3.4
costa rica,Motor Vehicles,0.30932015071744573,0.0001963446539229529,3.4
costa rica,Services,0.06567749517561264,0.000336333348860936,3.4
cote d'ivoire,Apparel,0.4225696647802063,1.1296341749173493e-07,3.4
cote d'ivoire,Computers and Electronics,0.724636530637896,9.90646773471394e-07,3.4
cote d'ivoire,Food,0.08895378181690045,0.003982395310835597,3.4
cote d'ivoire,Goods,0.26041122630630426,0.00015850603538250174,3.4
cote d'ivoire,Motor Vehicles,0.30932015071744573,0.0,3.4
cote d'ivoire,Services,0.06567749517561264,4.698918678011398e-07,3.4
croatia,Apparel,0.4225696647802063,0.0001785758156557218,3.4
croatia,Computers and Electronics,0.724636530637896,6.980997007425784e-05,3.4
croatia,Food,0.08895378181690045,0.000524115660897545,3.4
croatia,Goods,0.26041122630630426,0.0005435377924190299,3.4
croatia,Motor Vehicles,0.30932015071744573,4.305707165300522e-05,3.4
croatia,Services,0.06567749517561264,0.00022316164608932385,3.4
cuba,Apparel,0.4225696647802063,0.0,3.4
cuba,Computers and Electronics,0.724636530637896,0.0,3.4
cuba,Food,0.08895378181690045,0.0,3.4
cuba,Goods,0.25973718341785934,0.0,3.4
cuba,Motor Vehicles,0.30932015071744573,0.0,3.4
cuba,Services,0.06567749517561264,0.0,3.4
curacao,Apparel,0.4225696647802063,5.13506146242574e-08,3.4
curacao,Computers and Electronics,0.724636530637896,3.3550515027966966e-06,3.4
curacao,Food,0.08895378181690045,5.513769382434863e-07,3.4
curacao,Goods,0.26041122630630426,1.1539577154516871e-05,3.4
curacao,Motor Vehicles,0.30932015071744573,1.1043328398685067e-06,3.4
curacao,Services,0.06567749517561264,4.048084416259355e-07,3.4
cyprus,Apparel,0.4225696647802063,2.029298794560053e-05,3.4
cyprus,Computers and Electronics,0.724636530637896,9.56012442749278e-06,3.4
cyprus,Food,0.08895378181690045,9.935830697117314e-05,3.4
cyprus,Goods,0.26041122630630426,6.985463593216735e-06,3.4
cyprus,Motor Vehicles,0.30932015071744573,1.0858182847399596e-06,3.4
cyprus,Services,0.06567749517561264,1.1789173430369109e-05,3.4
czech republic,Apparel,0.4225696647802063,0.0004721224372968605,3.4
czech republic,Computers and Electronics,0.724636530637896,0.0031207470831360316,3.4
czech republic,Food,0.08895378181690045,0.0004011767393009265,3.4
czech republic,Goods,0.26041122630630426,0.003052713313395726,3.4
czech republic,Motor Vehicles,0.30932015071744573,0.002221164671010301,3.4
czech republic,Services,0.06567749517561264,0.0009897856045173563,3.4
denmark,Apparel,0.4225696647802063,0.0002292583565355578,1.8
denmark,Computers and Electronics,0.724636530637896,0.002314548774050633,1.8
denmark,Food,0.08895378181690045,0.0037539170398570385,1.8
denmark,Goods,0.26041122630630426,0.00815249423096616,1.8
denmark,Motor Vehicles,0.30932015071744573,0.0003612833752994878,1.8
denmark,Services,0.06567749517561264,0.0011672722953706724,1.8
djibouti,Apparel,0.4225696647802063,9.706694406678292e-06,3.4
djibouti,Computers and Electronics,0.724636530637896,6.199304683073184e-08,3.4
djibouti,Food,0.08895378181690045,1.0439697116530533e-05,3.4
djibouti,Goods,0.26041122630630426,5.054686580808312e-08,3.4
djibouti,Motor Vehicles,0.30932015071744573,9.286625817421194e-09,3.4
djibouti,Services,0.06567749517561264,5.583564712081869e-07,3.4
dominica,Apparel,0.4225696647802063,6.6783570397244365e-09,3.4
dominica,Computers and Electronics,0.724636530637896,5.262120925506349e-08,3.4
dominica,Food,0.08895378181690045,1.2330617485501684e-07,3.4
dominica,Goods,0.26041122630630426,4.846552427480911e-07,3.4
dominica,Motor Vehicles,0.30932015071744573,0.0,3.4
dominica,Services,0.06567749517561264,0.0,3.4
dominican republic,Apparel,0.4225696647802063,0.005678324086416357,3.4
dominican republic,Computers and Electronics,0.724636530637896,0.0013820754306010836,3.4
dominican republic,Food,0.08895378181690045,0.008724758329435284,3.4
dominican republic,Goods,0.26041122630630426,0.002124709090631247,3.4
dominican republic,Motor Vehicles,0.30932015071744573,9.326518269033596e-05,3.4
dominican republic,Services,0.06567749517561264,0.0005954925856218461,3.4
ecuador,Apparel,0.4225696647802063,8.669408023927477e-05,3.4
ecuador,Computers and Electronics,0.724636530637896,4.701996050790309e-06,3.4
ecuador,Food,0.08895378181690045,0.010275752908379548,3.4
ecuador,Goods,0.26041122630630426,0.000505373562943089,3.4
ecuador,Motor Vehicles,0.30932015071744573,4.231215219530888e-06,3.4
ecuador,Services,0.06567749517561264,0.0005048153202112394,3.4
egypt,Apparel,0.4225696647802063,0.0081316253820098,3.2
egypt,Computers and Electronics,0.724636530637896,4.888391947776466e-06,3.2
egypt,Food,0.08895378181690045,0.001969698070943004,3.2
egypt,Goods,0.26041122630630426,0.00021309037380539924,3.2
egypt,Motor Vehicles,0.30932015071744573,7.311096371777377e-06,3.2
egypt,Services,0.06567749517561264,0.0006628919697477837,3.2
el salvador,Apparel,0.4225696647802063,0.010834602794953057,3.4
el salvador,Computers and Electronics,0.724636530637896,7.542149466810519e-05,3.4
el salvador,Food,0.08895378181690045,0.0020087675521116843,3.4
el salvador,Goods,0.26041122630630426,0.00011249968063823822,3.4
el salvador,Motor Vehicles,0.30932015071744573,0.00010910769885910996,3.4
el salvador,Services,0.06567749517561264,0.0006446628523676171,3.4
equatorial guinea,Apparel,0.4225696647802063,0.0,3.4
equatorial guinea,Computers and Electronics,0.724636530637896,0.0,3.4
equatorial guinea,Food,0.06397516545174628,0.0,3.4
equatorial guinea,Goods,0.25973718341785934,1.9294179675695206e-05,3.4
equatorial guinea,Motor Vehicles,0.30932015071744573,6.916964006131596e-08,3.4
equatorial guinea,Services,0.06567749517561264,0.0,3.4
eritrea,Apparel,0.4225696647802063,3.757005630100027e-07,3.4
eritrea,Computers and Electronics,0.724636530637896,1.2467446757188885e-08,3.4
eritrea,Food,0.08895378181690045,1.4779921863445e-06,3.4
eritrea,Goods,0.21798936878018776,8.978426893848122e-09,3.4
eritrea,Motor Vehicles,0.30932015071744573,6.62851260376655e-09,3.4
eritrea,Services,0.06567749517561264,0.0,3.4
estonia,Apparel,0.4225696647802063,9.173572404996068e-05,3.4
estonia,Computers and Electronics,0.724636530637896,0.0006447377057827892,3.4
estonia,Food,0.08895378181690045,9.17700362654922e-05,3.4
estonia,Goods,0.26041122630630426,0.00028404961947181714,3.4
estonia,Motor Vehicles,0.30932015071744573,2.8694294407933552e-05,3.4
estonia,Services,0.06567749517561264,0.0001072738880580784,3.4
eswatini,Apparel,0.4225696647802063,7.613730371602118e-06,3.4
eswatini,Computers and Electronics,0.724636530637896,1.6330820924526734e-06,3.4
eswatini,Food,0.08895378181690045,0.0001400664593361131,3.4
eswatini,Goods,0.23919372481306023,2.557290843967398e-06,3.4
eswatini,Motor Vehicles,0.30932015071744573,8.357963235679074e-09,3.4
eswatini,Services,0.06567749517561264,5.330559436065659e-07,3.4
ethiopia,Apparel,0.4225696647802063,0.0014686670466826429,3.4
ethiopia,Computers and Electronics,0.724636530637896,2.2755526594956312e-07,3.4
ethiopia,Food,0.08895378181690045,0.0011406983359102249,3.4
ethiopia,Goods,0.26041122630630426,5.477614327664652e-06,3.4
ethiopia,Motor Vehicles,0.30932015071744573,5.366726385761134e-07,3.4
ethiopia,Services,0.06567749517561264,7.390022382837606e-06,3.4
euro area,Apparel,0.4225696647802063,0.08107035501455104,3.4
euro area,Computers and Electronics,0.724636530637896,0.061777602344696994,3.4
euro area,Food,0.08895378181690045,0.14020934664652843,3.4
euro area,Goods,0.26041122630630426,0.26449306733481637,3.4
euro area,Motor Vehicles,0.30932015071744573,0.1567173193067502,3.4
euro area,Services,0.06567749517561264,0.099615642917061,3.4
european union,Apparel,0.4225696647802063,0.08639027766472773,3.4
european union,Computers and Electronics,0.724636530637896,0.07770741654640315,3.4
european union,Food,0.08895378181690045,0.15235823365700887,3.4
european union,Goods,0.26041122630630426,0.2957601377940867,3.4
european union,Motor Vehicles,0.30932015071744573,0.17983867971237955,3.4
european union,Services,0.06567749517561264,0.10685299231959858,3.4
falkland islands (islas malvinas),Apparel,0.24646743791269848,8.44884900106762e-07,3.4
falkland islands (islas malvinas),Computers and Electronics,0.724636530637896,8.418895861115875e-08,3.4
falkland islands (islas malvinas),Goods,0.12909329894554006,1.3033224248571644e-07,3.4
falkland islands (islas malvinas),Motor Vehicles,0.30932015071744573,1.1885623264021373e-07,3.4
faroe islands,Apparel,0.4225696647802063,2.9259138515624387e-08,3.4
faroe islands,Computers and Electronics,0.724636530637896,3.2970622210895524e-07,3.4
faroe islands,Food,0.06397516545174628,1.295625647701995e-05,3.4
faroe islands,Goods,0.22465282527716363,4.1414673969289255e-07,3.4
faroe islands,Motor Vehicles,0.30932015071744573,4.148794843173428e-08,3.4
faroe islands,Services,0.06567749517561264,2.198528605382236e-06,3.4
fiji,Apparel,0.4225696647802063,3.993908774673539e-06,3.4
fiji,Computers and Electronics,0.724636530637896,3.199508026856102e-07,3.4
fiji,Food,0.08895378181690045,0.0012392966013951975,3.4
fiji,Goods,0.26041122630630426,1.8949025107231524e-05,3.4
fiji,Motor Vehicles,0.30932015071744573,1.3428922118826223e-07,3.4
fiji,Services,0.06567749517561264,2.4405412383715345e-06,3.4
finland,Apparel,0.4225696647802063,0.00031471249730077,3.4
finland,Computers and Electronics,0.724636530637896,0.001270557739541305,3.4
finland,Food,0.08895378181690045,0.00016985137834255935,3.4
finland,Goods,0.26041122630630426,0.004969493278040992,3.4
finland,Motor Vehicles,0.30932015071744573,0.0005680371858929858,3.4
finland,Services,0.06567749517561264,0.0012168784291367802,3.4
france,Apparel,0.4225696647802063,0.012065264715252755,1.8
france,Computers and Electronics,0.724636530637896,0.005781555477215738,1.8
france,Food,0.08895378181690045,0.034843871228133726,1.8
france,Goods,0.26041122630630426,0.02269890808133723,1.8
france,Motor Vehicles,0.30932015071744573,0.01940996523596612,1.8
france,Services,0.06567749517561264,0.00937758035773376,1.8
french guiana,Apparel,0.4225696647802063,1.776707461954412e-08,3.4
french guiana,Computers and Electronics,0.724636530637896,9.19414587650136e-08,3.4
french guiana,Food,0.08895378181690045,0.0,3.4
french guiana,Goods,0.2537111772250647,1.770771564904998e-07,3.4
french guiana,Motor Vehicles,0.30932015071744573,0.0,3.4
french guiana,Services,0.06567749517561264,0.0,3.4
french polynesia,Apparel,0.4225696647802063,2.0292948272192372e-07,3.4
french polynesia,Computers and Electronics,0.724636530637896,2.0081173218800494e-06,3.4
french polynesia,Food,0.08895378181690045,5.010748755147941e-06,3.4
french polynesia,Goods,0.26041122630630426,8.775696294643889e-06,3.4
french polynesia,Motor Vehicles,0.30932015071744573,6.344694032791232e-07,3.4
french polynesia,Services,0.06567749517561264,0.0,3.4
french southern and antarctic lands,Apparel,0.4225696647802063,2.226339421064572e-08,3.4
french southern and antarctic lands,Computers and Electronics,0.724636530637896,4.340695124925151e-08,3.4
french southern and antarctic lands,Food,0.08895378181690045,0.0,3.4
french southern and antarctic lands,Goods,0.194795679489487,4.0175471248418505e-07,3.4
gabon,Apparel,0.4225696647802063,9.61418924332607e-08,3.4
gabon,Computers and Electronics,0.724636530637896,1.6579858847361585e-07,3.4
gabon,Food,0.06397516545174628,2.0553715902751534e-08,3.4
gabon,Goods,0.26041122630630426,1.968424954995799e-05,3.4
gabon,Motor Vehicles,0.30932015071744573,6.778188694819343e-08,3.4
gabon,Services,0.06567749517561264,8.963366226863926e-07,3.4
gambia,Apparel,0.4225696647802063,4.81701297370223e-08,3.4
gambia,Computers and Electronics,0.724636530637896,1.344893940170086e-06,3.4
gambia,Food,0.08895378181690045,7.951413220898707e-07,3.4
gambia,Goods,0.25973718341785934,8.525381052440775e-08,3.4
gambia,Motor Vehicles,0.30932015071744573,6.158311662265969e-08,3.4
gambia,Services,0.06567749517561264,9.239054734522968e-07,3.4
gaza strip administered by israel,Computers and Electronics,0.724636530637896,5.121895842488107e-07,3.4
gaza strip administered by israel,Goods,0.1275942413129624,7.642831440763044e-09,3.4
gaza strip administered by israel,Motor Vehicles,0.30932015071744573,0.0,3.4
georgia,Apparel,0.4225696647802063,5.1207512641035897e-05,3.4
georgia,Computers and Electronics,0.724636530637896,8.385874647569393e-06,3.4
georgia,Food,0.08895378181690045,7.537032038329545e-05,3.4
georgia,Goods,0.26041122630630426,1.555763126805604e-05,3.4
georgia,Motor Vehicles,0.30932015071744573,9.437679180068127e-06,3.4
georgia,Services,0.06567749517561264,6.57906195432689e-05,3.4
germany,Apparel,0.4225696647802063,0.006898182289675965,1.8
germany,Computers and Electronics,0.724636530637896,0.027292610705677203,1.8
germany,Food,0.08895378181690045,0.01220754465577427,1.8
germany,Goods,0.26041122630630426,0.07102166138602686,1.8
germany,Motor Vehicles,0.30932015071744573,0.08263042889493714,1.8
germany,Services,0.06567749517561264,0.024516238116875897,1.8
ghana,Apparel,0.4225696647802063,0.00025974914278294,3.4
ghana,Computers and Electronics,0.724636530637896,1.0195439638015022e-06,3.4
ghana,Food,0.08895378181690045,0.001791153599212885,3.4
ghana,Goods,0.26041122630630426,4.244435874501341e-05,3.4
ghana,Motor Vehicles,0.30932015071744573,5.223108612679525e-07,3.4
ghana,Services,0.06567749517561264,5.966562354051235e-06,3.4
gibraltar,Apparel,0.4225696647802063,3.650462692494998e-06,3.4
gibraltar,Computers and Electronics,0.724636530637896,6.4145252008507e-08,3.4
gibraltar,Food,0.06397516545174628,0.0,3.4
gibraltar,Goods,0.23920687027343174,3.521022600086676e-08,3.4
gibraltar,Motor Vehicles,0.30932015071744573,0.0,3.4
greece,Apparel,0.4225696647802063,0.00026179685929601337,3.4
greece,Computers and Electronics,0.724636530637896,6.215896775071363e-05,3.4
greece,Food,0.08895378181690045,0.0038409110803573547,3.4
greece,Goods,0.26041122630630426,0.0004938909974554109,3.4
greece,Motor Vehicles,0.30932015071744573,0.00011196770918768596,3.4
greece,Services,0.06567749517561264,0.0006832833225627039,3.4
greenland,Apparel,0.4225696647802063,3.1672604178495098e-09,3.4
greenland,Computers and Electronics,0.724636530637896,1.6407558028216002e-07,3.4
greenland,Food,0.08895378181690045,7.291007551761933e-07,3.4
greenland,Goods,0.25189633296320224,6.200833240964458e-07,3.4
greenland,Motor Vehicles,0.30932015071744573,0.0,3.4
greenland,Services,0.06567749517561264,0.0,3.4
grenada,Apparel,0.4225696647802063,1.0394432937076054e-08,3.4
grenada,Computers and Electronics,0.724636530637896,8.845604748963783e-08,3.4
grenada,Food,0.08895378181690045,2.4162588389401377e-05,3.4
grenada,Goods,0.26041122630630426,1.621622348867211e-07,3.4
grenada,Motor Vehicles,0.30932015071744573,0.0,3.4
grenada,Services,0.06567749517561264,0.0,3.4
guadeloupe,Apparel,0.4225696647802063,4.368505094489845e-07,3.4
guadeloupe,Computers and Electronics,0.724636530637896,1.6074443111201205e-06,3.4
guadeloupe,Food,0.08895378181690045,6.768432683384786e-07,3.4
guadeloupe,Goods,0.26041122630630426,8.015787897645004e-07,3.4
guadeloupe,Motor Vehicles,0.30932015071744573,5.300567037951244e-07,3.4
guadeloupe,Services,0.06567749517561264,2.393953370305101e-06,3.4
guatemala,Apparel,0.4225696647802063,0.010587889375316404,3.4
guatemala,Computers and Electronics,0.724636530637896,8.347166055600333e-06,3.4
guatemala,Food,0.08895378181690045,0.015403644157816468,3.4
guatemala,Goods,0.26041122630630426,0.00015610982977000922,3.4
guatemala,Motor Vehicles,0.30932015071744573,4.491784313993051e-05,3.4
guatemala,Services,0.06567749517561264,4.34439721607365e-05,3.4
guinea,Apparel,0.4225696647802063,6.287970703461732e-07,3.4
guinea,Computers and Electronics,0.724636530637896,9.621684130506407e-07,3.4
guinea,Food,0.08895378181690045,4.435712206154177e-06,3.4
guinea,Goods,0.26041122630630426,7.102472321033404e-06,3.4
guinea,Motor Vehicles,0.30932015071744573,4.985639318639464e-07,3.4
guinea,Services,0.06567749517561264,0.0,3.4
guinea-bissau,Apparel,0.17610222686750782,0.0,3.4
guinea-bissau,Computers and Electronics,0.724636530637896,6.522964825896597e-09,3.4
guinea-bissau,Food,0.08895378181690045,3.1615107846755205e-06,3.4
guinea-bissau,Goods,0.21798936878018776,5.444335663720849e-09,3.4
guinea-bissau,Motor Vehicles,0.30932015071744573,0.0,3.4
guyana,Apparel,0.4225696647802063,3.557382264724502e-08,3.4
guyana,Computers and Electronics,0.724636530637896,7.373956705582782e-07,3.4
guyana,Food,0.08895378181690045,0.00017913862726504247,3.4
guyana,Goods,0.26041122630630426,1.3869952092026182e-05,3.4
guyana,Motor Vehicles,0.30932015071744573,6.415821620598253e-07,3.4
guyana,Services,0.06567749517561264,0.0,3.4
haiti,Apparel,0.4225696647802063,0.005128928337034314,3.4
haiti,Computers and Electronics,0.724636530637896,3.882706692460753e-06,3.4
haiti,Food,0.08895378181690045,6.795551766631324e-05,3.4
haiti,Goods,0.26041122630630426,1.5327843970401802e-05,3.4
haiti,Motor Vehicles,0.30932015071744573,1.324532783234998e-06,3.4
haiti,Services,0.06567749517561264,6.9876567507732065e-06,3.4
heard and mcdonald islands,Computers and Electronics,0.724636530637896,3.7855588876443007e-07,3.4
heard and mcdonald islands,Goods,0.11131517535739786,4.265193029845183e-08,3.4
heard and mcdonald islands,Motor Vehicles,0.30932015071744573,0.0,3.4
honduras,Apparel,0.4225696647802063,0.01624144998158477,3.4
honduras,Computers and Electronics,0.724636530637896,6.765365746058944e-06,3.4
honduras,Food,0.08895378181690045,0.006900763127069141,3.4
honduras,Goods,0.26041122630630426,0.0002353311662287968,3.4
honduras,Motor Vehicles,0.30932015071744573,0.0022466797886440707,3.4
honduras,Services,0.06567749517561264,0.0005282504137398333,3.4
hong kong,Apparel,0.4225696647802063,0.000663130497275162,3.4
hong kong,Computers and Electronics,0.724636530637896,0.0006497715872152665,3.4
hong kong,Food,0.08895378181690045,0.0005763182464763373,3.4
hong kong,Goods,0.26041122630630426,0.001261237231920354,3.4
hong kong,Motor Vehicles,0.30932015071744573,3.391065082608533e-05,3.4
hong kong,Services,0.06567749517561264,0.004979242591299852,3.4
hungary,Apparel,0.4225696647802063,0.0005758985514170363,3.4
hungary,Computers and Electronics,0.724636530637896,0.002784375427682706,3.4
hungary,Food,0.08895378181690045,0.0003042384134063421,3.4
hungary,Goods,0.26041122630630426,0.004518701538041231,3.4
hungary,Motor Vehicles,0.30932015071744573,0.004823563959581275,3.4
hungary,Services,0.06567749517561264,0.00041826971820117586,3.4
iceland,Apparel,0.4225696647802063,8.259983741537275e-06,3.4
iceland,Computers and Electronics,0.724636530637896,5.1727527825853976e-05,3.4
iceland,Food,0.08895378181690045,0.0003377087345783629,3.4
iceland,Goods,0.26041122630630426,0.00018642215660328023,3.4
iceland,Motor Vehicles,0.30932015071744573,1.604076990769746e-06,3.4
iceland,Services,0.06567749517561264,2.4410123516441163e-05,3.4
india,Apparel,0.4225696647802063,0.07124197325258003,3.8
india,Computers and Electronics,0.724636530637896,0.020794256489054128,3.8
india,Food,0.08895378181690045,0.013272098771505637,3.8
india,Goods,0.26041122630630426,0.0436615102863067,3.8
india,Motor Vehicles,0.30932015071744573,0.0061337711959266236,3.8
india,Services,0.06567749517561264,0.029459189456897586,3.8
indonesia,Apparel,0.4225696647802063,0.047861990389495054,3.2
indonesia,Computers and Electronics,0.724636530637896,0.005298494870403802,3.2
indonesia,Food,0.08895378181690045,0.02076620432849736,3.2
indonesia,Goods,0.26041122630630426,0.007568198391869687,3.2
indonesia,Motor Vehicles,0.30932015071744573,0.0008791119302718013,3.2
indonesia,Services,0.06567749517561264,0.001086885888697227,3.2
iran,Apparel,0.17610222686750782,3.191064462743577e-08,3.4
iran,Computers and Electronics,0.724636530637896,0.0,3.4
iran,Food,0.08895378181690045,1.108019926574475e-08,3.4
iran,Goods,0.23067883146995824,2.2503995559268337e-09,3.4
iran,Services,0.06567749517561264,8.380127995407524e-05,3.4
iraq,Apparel,0.4225696647802063,2.492415745102702e-07,3.4
iraq,Computers and Electronics,0.724636530637896,7.363755501849975e-07,3.4
iraq,Food,0.08895378181690045,8.237418849375557e-06,3.4
iraq,Goods,0.26041122630630426,0.002487097714760675,3.4
iraq,Motor Vehicles,0.30932015071744573,6.345909888993062e-07,3.4
iraq,Services,0.06567749517561264,0.0012963466883878826,3.4
ireland,Apparel,0.4225696647802063,0.00014845360859458545,1.8
ireland,Computers and Electronics,0.724636530637896,0.008999344824177895,1.8
ireland,Food,0.08895378181690045,0.007195505503414071,1.8
ireland,Goods,0.26041122630630426,0.0637729855719243,1.8
ireland,Motor Vehicles,0.30932015071744573,0.0001284587441877816,1.8
ireland,Services,0.06567749517561264,0.005219702295353602,1.8
israel,Apparel,0.4225696647802063,0.0018057539245533772,0.8
israel,Computers and Electronics,0.724636530637896,0.011311454786914414,0.8
israel,Food,0.08895378181690045,0.002473284497697184,0.8
israel,Goods,0.26041122630630426,0.011241759077085222,0.8
israel,Motor Vehicles,0.30932015071744573,0.001473694221224291,0.8
israel,Services,0.06567749517561264,0.007198683391392807,0.8
italy,Apparel,0.4225696647802063,0.04694047264496769,1.8
italy,Computers and Electronics,0.724636530637896,0.004994553463641688,1.8
italy,Food,0.08895378181690045,0.039153544405125335,1.8
italy,Goods,0.26041122630630426,0.03508863469860775,1.8
italy,Motor Vehicles,0.30932015071744573,0.01751970117376207,1.8
italy,Services,0.06567749517561264,0.03311389917617017,1.8
jamaica,Apparel,0.4225696647802063,2.199731788660759e-06,3.4
jamaica,Computers and Electronics,0.724636530637896,1.9099411030287447e-06,3.4
jamaica,Food,0.08895378181690045,0.0011102146496718105,3.4
jamaica,Goods,0.26041122630630426,5.919708100986061e-05,3.4
jamaica,Motor Vehicles,0.30932015071744573,3.0222202200266275e-07,3.4
jamaica,Services,0.06567749517561264,3.820728640639271e-06,3.4
japan,Apparel,0.4225696647802063,0.004249577090856769,1.9
japan,Computers and Electronics,0.724636530637896,0.02828992189237259,1.9
japan,Food,0.08895378181690045,0.00618454012660902,1.9
japan,Goods,0.26041122630630426,0.05336622124979904,1.9
japan,Motor Vehicles,0.30932015071744573,0.11641614959277757,1.9
japan,Services,0.06567749517561264,0.031071565035557316,1.9
jordan,Apparel,0.4225696647802063,0.010982870970037917,3.4
jordan,Computers and Electronics,0.724636530637896,7.868277595976038e-05,3.4
jordan,Food,0.08895378181690045,0.0001979906190820176,3.4
jordan,Goods,0.26041122630630426,0.0010111603355772913,3.4
jordan,Motor Vehicles,0.30932015071744573,3.840247014835178e-05,3.4
jordan,Services,0.06567749517561264,0.0008220071623207751,3.4
kazakhstan,Apparel,0.4225696647802063,2.632767038692e-06,3.4
kazakhstan,Computers and Electronics,0.724636530637896,6.066288865375871e-06,3.4
kazakhstan,Food,0.08895378181690045,0.00012337660558817696,3.4
kazakhstan,Goods,0.26041122630630426,0.00021322919973055816,3.4
kazakhstan,Motor Vehicles,0.30932015071744573,1.1806571647864499e-05,3.4
kazakhstan,Services,0.06567749517561264,2.8062647270128967e-06,3.4
kenya,Apparel,0.4225696647802063,0.0031319079331463716,3.4
kenya,Computers and Electronics,0.724636530637896,3.6825702716661986e-06,3.4
kenya,Food,0.08895378181690045,0.0007312748278342572,3.4
kenya,Goods,0.26041122630630426,0.00020615639876083607,3.4
kenya,Motor Vehicles,0.30932015071744573,7.995784828799648e-07,3.4
kenya,Services,0.06567749517561264,7.875792512788728e-06,3.4
kiribati,Apparel,0.4225696647802063,1.4890752528177654e-08,3.4
kiribati,Computers and Electronics,0.724636530637896,3.732147707124563e-07,3.4
kiribati,Food,0.06397516545174628,8.746103167266792e-07,3.4
kiribati,Goods,0.20805209564670263,0.0,3.4
kiribati,Motor Vehicles,0.30932015071744573,5.0172935059629536e-08,3.4
kiribati,Services,0.06567749517561264,0.0,3.4
"korea, north",Goods,0.08889606983464768,0.0,3.4
"korea, north",Motor Vehicles,0.30932015071744573,0.0,3.4
"korea, south",Apparel,0.4225696647802063,0.006796587492270831,3.4
"korea, south",Computers and Electronics,0.724636530637896,0.03160473978959147,3.4
"korea, south",Food,0.08895378181690045,0.007034487085824099,3.4
"korea, south",Goods,0.26041122630630426,0.03510386544821807,3.4
"korea, south",Motor Vehicles,0.30932015071744573,0.08217631566797147,3.4
"korea, south",Services,0.06567749517561264,0.019315964183910777,3.4
kosovo,Apparel,0.4225696647802063,3.355746135108489e-05,3.4
kosovo,Computers and Electronics,0.724636530637896,8.60674729570781e-09,3.4
kosovo,Food,0.08895378181690045,7.76416215212402e-06,3.4
kosovo,Goods,0.2385196819246153,8.806120528804996e-05,3.4
kosovo,Motor Vehicles,0.30932015071744573,5.716599489356529e-07,3.4
kosovo,Services,0.06567749517561264,0.0,3.4
kuwait,Apparel,0.4225696647802063,4.3888707773436583e-07,3.4
kuwait,Computers and Electronics,0.724636530637896,6.115953384280734e-07,3.4
kuwait,Food,0.08895378181690045,7.9870611558788e-06,3.4
kuwait,Goods,0.26041122630630426,0.0009014853169777064,3.4
kuwait,Motor Vehicles,0.30932015071744573,8.157263110225371e-07,3.4
kuwait,Services,0.06567749517561264,1.743293594950311e-06,3.4
kyrgyzstan,Apparel,0.4225696647802063,3.105799696379967e-06,3.4
kyrgyzstan,Computers and Electronics,0.724636530637896,3.4146393877717264e-06,3.4
kyrgyzstan,Food,0.08895378181690045,1.158794321754893e-05,3.4
kyrgyzstan,Goods,0.25973718341785934,6.279337706527474e-06,3.4
kyrgyzstan,Motor Vehicles,0.30932015071744573,1.975200325947804e-06,3.4
kyrgyzstan,Services,0.06567749517561264,3.8708062366507555e-06,3.4
lafta - latin american free trade association,Apparel,0.4225696647802063,0.061488171745299566,3.4
lafta - latin american free trade association,Computers and Electronics,0.724636530637896,0.15838305893308594,3.4
lafta - latin american free trade association,Food,0.08895378181690045,0.34802520863228,3.4
lafta - latin american free trade association,Goods,0.26041122630630426,0.10324602276880938,3.4
lafta - latin american free trade association,Motor Vehicles,0.30932015071744573,0.3489296713543219,3.4
lafta - latin american free trade association,Services,0.06567749517561264,0.11715623697366893,3.4
laos,Apparel,0.4225696647802063,0.0005466117010258145,3.4
laos,Computers and Electronics,0.724636530637896,6.2766300147094e-05,3.4
laos,Food,0.08895378181690045,3.808767449155032e-06,3.4
laos,Goods,0.26041122630630426,0.00013512090551638347,3.4
laos,Motor Vehicles,0.30932015071744573,1.2577822777545635e-06,3.4
laos,Services,0.06567749517561264,0.0,3.4
latvia,Apparel,0.4225696647802063,9.223301699673652e-05,3.4
latvia,Computers and Electronics,0.724636530637896,0.00018408276159925137,3.4
latvia,Food,0.08895378181690045,0.000558016793328408,3.4
latvia,Goods,0.26041122630630426,0.00026258053892084875,3.4
latvia,Motor Vehicles,0.30932015071744573,2.1202490360007378e-05,3.4
latvia,Services,0.06567749517561264,0.0005104716457509756,3.4
lebanon,Apparel,0.4225696647802063,8.847258622906563e-05,3.4
lebanon,Computers and Electronics,0.724636530637896,1.0520934753461107e-05,3.4
lebanon,Food,0.08895378181690045,0.00027445459597159785,3.4
lebanon,Goods,0.26041122630630426,9.631227857649818e-05,3.4
lebanon,Motor Vehicles,0.30932015071744573,3.833997094697016e-06,3.4
lebanon,Services,0.06567749517561264,0.00027949091522797004,3.4
lesotho,Apparel,0.4225696647802063,0.0011128842934217714,3.4
lesotho,Computers and Electronics,0.724636530637896,2.6015142934051048e-08,3.4
lesotho,Food,0.08895378181690045,0.0,3.4
lesotho,Goods,0.21798936878018776,5.204220070180483e-05,3.4
lesotho,Motor Vehicles,0.30932015071744573,0.0,3.4
lesotho,Services,0.06567749517561264,1.5007575027692549e-06,3.4
liberia,Apparel,0.4225696647802063,1.3713113529390603e-07,3.4
liberia,Computers and Electronics,0.724636530637896,3.6466607904774816e-07,3.4
liberia,Food,0.08895378181690045,5.430995672692121e-06,3.4
liberia,Goods,0.26041122630630426,5.211601158279157e-05,3.4
liberia,Motor Vehicles,0.30932015071744573,9.957443032223628e-08,3.4
liberia,Services,0.06567749517561264,8.724319862627921e-07,3.4
libya,Apparel,0.4225696647802063,5.7731421102806e-08,3.4
libya,Computers and Electronics,0.724636530637896,2.798903438804137e-08,3.4
libya,Food,0.08895378181690045,0.0,3.4
libya,Goods,0.25973718341785934,2.1780123214466502e-08,3.4
libya,Motor Vehicles,0.30932015071744573,0.0,3.4
libya,Services,0.06567749517561264,9.088996432885768e-07,3.4
liechtenstein,Apparel,0.4225696647802063,1.9042131672060142e-05,3.4
liechtenstein,Computers and Electronics,0.724636530637896,5.35381668454731e-05,3.4
liechtenstein,Food,0.06397516545174628,0.0,3.4
liechtenstein,Goods,0.26041122630630426,0.0001361196352491221,3.4
liechtenstein,Motor Vehicles,0.30932015071744573,2.7545471712597068e-05,3.4
liechtenstein,Services,0.06567749517561264,1.8841041175331256e-06,3.4
lithuania,Apparel,0.4225696647802063,0.00019949028754009826,3.4
lithuania,Computers and Electronics,0.724636530637896,0.00024406685966853062,3.4
lithuania,Food,0.08895378181690045,0.0004565143065936984,3.4
lithuania,Goods,0.26041122630630426,0.0015191600888502575,3.4
lithuania,Motor Vehicles,0.30932015071744573,3.5435210821255434e-05,3.4
lithuania,Services,0.06567749517561264,0.0008237851787087787,3.4
luxembourg,Apparel,0.4225696647802063,0.0004379305386392365,3.4
luxembourg,Computers and Electronics,0.724636530637896,2.039498878533867e-05,3.4
luxembourg,Food,0.08895378181690045,2.5003119839133216e-05,3.4
luxembourg,Goods,0.26041122630630426,0.00017468720157595005,3.4
luxembourg,Motor Vehicles,0.30932015071744573,4.6006151833580424e-05,3.4
luxembourg,Services,0.06567749517561264,0.00015715588481824254,3.4
macau,Apparel,0.4225696647802063,0.0005471676180453766,3.4
macau,Computers and Electronics,0.724636530637896,3.5724760611368098e-06,3.4
macau,Food,0.08895378181690045,9.995828202879558e-06,3.4
macau,Goods,0.25973718341785934,1.1935595572581109e-05,3.4
macau,Motor Vehicles,0.30932015071744573,1.6454119090243535e-06,3.4
macau,Services,0.06567749517561264,1.3981071552655747e-05,3.4
macedonia,Apparel,0.4225696647802063,2.5763626930920383e-05,3.4
macedonia,Computers and Electronics,0.724636530637896,1.8143860959170777e-05,3.4
macedonia,Food,0.08895378181690045,0.0001639481738091127,3.4
macedonia,Goods,0.26041122630630426,6.546046201179384e-06,3.4
macedonia,Motor Vehicles,0.30932015071744573,0.00045521344685749035,3.4
macedonia,Services,0.06567749517561264,1.5145942740713827e-05,3.4
madagascar,Apparel,0.4225696647802063,0.00235084951951095,3.4
madagascar,Computers and Electronics,0.724636530637896,1.8464800780998775e-07,3.4
madagascar,Food,0.08895378181690045,0.0008554191912840689,3.4
madagascar,Goods,0.23919372481306023,5.1610815419549884e-05,3.4
madagascar,Motor Vehicles,0.30932015071744573,3.457916001040808e-07,3.4
madagascar,Services,0.06567749517561264,8.931958675358465e-07,3.4
malawi,Apparel,0.4225696647802063,5.951011223516824e-09,3.4
malawi,Computers and Electronics,0.724636530637896,1.3158453905163e-06,3.4
malawi,Food,0.08895378181690045,0.00023129070712467914,3.4
malawi,Goods,0.2385196819246153,7.29941379518561e-07,3.4
malawi,Motor Vehicles,0.30932015071744573,4.6726611618582034e-09,3.4
malawi,Services,0.06567749517561264,0.0,3.4
malaysia,Apparel,0.4225696647802063,0.0016441728877295504,2.7
malaysia,Computers and Electronics,0.724636530637896,0.05619459215967042,2.7
malaysia,Food,0.08895378181690045,0.004034422816369542,2.7
malaysia,Goods,0.26041122630630426,0.009530826188776823,2.7
malaysia,Motor Vehicles,0.30932015071744573,0.0013455977602585786,2.7
malaysia,Services,0.06567749517561264,0.015932756869140748,2.7
maldives,Apparel,0.4225696647802063,2.2389026669808854e-08,3.4
maldives,Computers and Electronics,0.724636530637896,3.315971769472317e-07,3.4
maldives,Food,0.08895378181690045,4.11427895703763e-06,3.4
maldives,Goods,0.25973718341785934,1.1542102829471525e-07,3.4
maldives,Motor Vehicles,0.30932015071744573,1.7875182470688603e-08,3.4
maldives,Services,0.06567749517561264,0.0,3.4
mali,Apparel,0.4225696647802063,8.547966399112639e-07,3.4
mali,Computers and Electronics,0.724636530637896,9.561368476728489e-07,3.4
mali,Food,0.08895378181690045,1.0443974438846506e-06,3.4
mali,Goods,0.26041122630630426,2.055977268756921e-06,3.4
mali,Motor Vehicles,0.30932015071744573,5.198686673453124e-07,3.4
mali,Services,0.06567749517561264,1.6120798242163871e-06,3.4
malta,Apparel,0.4225696647802063,2.880776092655533e-05,3.4
malta,Computers and Electronics,0.724636530637896,0.00018237876040670177,3.4
malta,Food,0.08895378181690045,1.1336569928678154e-06,3.4
malta,Goods,0.26041122630630426,5.767234447910714e-05,3.4
malta,Motor Vehicles,0.30932015071744573,1.627480126351166e-05,3.4
malta,Services,0.06567749517561264,0.00034560695190211495,3.4
marshall islands,Apparel,0.4225696647802063,1.0062366510803814e-06,3.4
marshall islands,Computers and Electronics,0.724636530637896,3.553419300261153e-07,3.4
marshall islands,Food,0.08895378181690045,2.2470257217454533e-05,3.4
marshall islands,Goods,0.26041122630630426,5.534240423574598e-07,3.4
marshall islands,Motor Vehicles,0.30932015071744573,4.466280053116642e-07,3.4
marshall islands,Services,0.06567749517561264,0.0,3.4
martinique,Apparel,0.4225696647802063,4.261585259507326e-08,3.4
martinique,Computers and Electronics,0.724636530637896,8.453314556637135e-09,3.4
martinique,Food,0.08895378181690045,5.965118236618291e-06,3.4
martinique,Goods,0.25973718341785934,4.4780281825744214e-06,3.4
martinique,Motor Vehicles,0.30932015071744573,0.0,3.4
martinique,Services,0.06567749517561264,4.383098298984267e-07,3.4
mauritania,Apparel,0.4225696647802063,1.2479931759184061e-06,3.4
mauritania,Computers and Electronics,0.724636530637896,2.319592002439701e-07,3.4
mauritania,Food,0.08895378181690045,2.3239508917787684e-06,3.4
mauritania,Goods,0.25973718341785934,1.815901900645191e-06,3.4
mauritania,Motor Vehicles,0.30932015071744573,9.471876183896478e-07,3.4
mauritania,Services,0.06567749517561264,4.997290417313272e-07,3.4
mauritius,Apparel,0.4225696647802063,0.0003923288785707534,3.4
mauritius,Computers and Electronics,0.724636530637896,3.824503848968146e-06,3.4
mauritius,Food,0.08895378181690045,0.00025437875799372566,3.4
mauritius,Goods,0.26041122630630426,9.499463070866886e-05,3.4
mauritius,Motor Vehicles,0.30932015071744573,6.28551537662288e-07,3.4
mauritius,Services,0.06567749517561264,3.4572734751621924e-06,3.4
mayotte,Apparel,0.4225696647802063,5.8319909990464884e-08,3.4
mayotte,Computers and Electronics,0.724636530637896,1.2710658382769836e-07,3.4
mayotte,Food,0.08895378181690045,2.5165593604894158e-06,3.4
mayotte,Goods,0.2385196819246153,8.14104283833197e-07,3.4
mayotte,Motor Vehicles,0.30932015071744573,3.1707643070294417e-07,3.4
mayotte,Services,0.06567749517561264,9.031415921792423e-07,3.4
mexico,Apparel,0.4225696647802063,0.050250679050197825,0.3
mexico,Computers and Electronics,0.724636530637896,0.1576453828517565,0.3
mexico,Food,0.08895378181690045,0.23783617567724072,0.3
mexico,Goods,0.26041122630630426,0.08818448226762708,0.3
mexico,Motor Vehicles,0.30932015071744573,0.34328566801420424,0.3
mexico,Services,0.06567749517561264,0.11056085094444709,0.3
micronesia,Apparel,0.4225696647802063,2.1415044499559934e-07,3.4
micronesia,Computers and Electronics,0.724636530637896,9.771592063409244e-08,3.4
micronesia,Food,0.08895378181690045,3.1069695516263886e-08,3.4
micronesia,Goods,0.26041122630630426,5.194196523624666e-07,3.4
micronesia,Motor Vehicles,0.30932015071744573,6.454708056018832e-07,3.4
micronesia,Services,0.06567749517561264,0.0,3.4
moldova,Apparel,0.4225696647802063,0.00017658607521643487,3.4
moldova,Computers and Electronics,0.724636530637896,1.0846077388290406e-06,3.4
moldova,Food,0.08895378181690045,0.00024893886914461027,3.4
moldova,Goods,0.26041122630630426,2.0137098898488127e-05,3.4
moldova,Motor Vehicles,0.30932015071744573,1.836360867739385e-05,3.4
moldova,Services,0.06567749517561264,3.3208251125106915e-06,3.4
monaco,Apparel,0.4225696647802063,1.8162816865907988e-06,3.4
monaco,Computers and Electronics,0.724636530637896,4.1016116693913586e-06,3.4
monaco,Food,0.08895378181690045,4.868425691252444e-06,3.4
monaco,Goods,0.26041122630630426,2.7423133567813028e-05,3.4
monaco,Motor Vehicles,0.30932015071744573,2.1084120469847896e-06,3.4
monaco,Services,0.06567749517561264,6.112956441346131e-06,3.4
mongolia,Apparel,0.4225696647802063,3.636850746156407e-05,3.4
mongolia,Computers and Electronics,0.724636530637896,3.2572526455468907e-07,3.4
mongolia,Food,0.08895378181690045,2.305935089606963e-05,3.4
mongolia,Goods,0.26041122630630426,1.158570200373462e-06,3.4
mongolia,Motor Vehicles,0.30932015071744573,8.889711656637779e-07,3.4
mongolia,Services,0.06567749517561264,1.9118474546962823e-06,3.4
montenegro,Apparel,0.4225696647802063,8.814770068966976e-08,3.4
montenegro,Computers and Electronics,0.724636530637896,6.481641657117156e-06,3.4
montenegro,Food,0.08895378181690045,6.007124658403018e-05,3.4
montenegro,Goods,0.25973718341785934,8.965311921147807e-07,3.4
montenegro,Motor Vehicles,0.30932015071744573,7.92459435187874e-07,3.4
montenegro,Services,0.06567749517561264,1.783599952715652e-06,3.4
montserrat,Apparel,0.4225696647802063,5.8650521725104705e-09,3.4
montserrat,Computers and Electronics,0.724636530637896,3.944278835966737e-07,3.4
montserrat,Food,0.08895378181690045,9.951222609230214e-07,3.4
montserrat,Goods,0.25973718341785934,2.1984957770421951e-07,3.4
montserrat,Motor Vehicles,0.30932015071744573,7.477264084795329e-07,3.4
montserrat,Services,0.06567749517561264,0.0,3.4
morocco,Apparel,0.4225696647802063,0.0019470549995339484,3.4
morocco,Computers and Electronics,0.724636530637896,0.0005877195600102697,3.4
morocco,Food,0.08895378181690045,0.0013874328794763705,3.4
morocco,Goods,0.26041122630630426,0.00029000945883315423,3.4
morocco,Motor Vehicles,0.30932015071744573,0.0005829606300698855,3.4
morocco,Services,0.06567749517561264,0.0003394350190584975,3.4
mozambique,Apparel,0.4225696647802063,1.714552455842125e-08,3.4
mozambique,Computers and Electronics,0.724636530637896,4.46279855740991e-07,3.4
mozambique,Food,0.08895378181690045,6.70175642899626e-05,3.4
mozambique,Goods,0.25973718341785934,0.00010869672412607573,3.4
mozambique,Motor Vehicles,0.30932015071744573,1.8026535604778403e-06,3.4
mozambique,Services,0.06567749517561264,1.3475584459815085e-06,3.4
namibia,Apparel,0.4225696647802063,4.979634273736866e-06,3.4
namibia,Computers and Electronics,0.724636530637896,2.6438119674191834e-06,3.4
namibia,Food,0.08895378181690045,6.898794290652956e-07,3.4
namibia,Goods,0.25973718341785934,0.0001043451307683047,3.4
namibia,Motor Vehicles,0.30932015071744573,8.083368401407291e-07,3.4
namibia,Services,0.06567749517561264,6.30244866876241e-07,3.4
nato (north atlantic treaty organization) allies,Apparel,0.4225696647802063,0.11938089205165008,3.4
nato (north atlantic treaty organization) allies,Computers and Electronics,0.724636530637896,0.09224530728276611,3.4
nato (north atlantic treaty organization) allies,Food,0.08895378181690045,0.36981882046666187,3.4
nato (north atlantic treaty organization) allies,Goods,0.26041122630630426,0.36138585147695795,3.4
nato (north atlantic treaty organization) allies,Motor Vehicles,0.30932015071744573,0.3582787967190148,3.4
nato (north atlantic treaty organization) allies,Services,0.06567749517561264,0.3218768592817917,3.4
nauru,Apparel,0.4225696647802063,6.58009923218948e-07,3.4
nauru,Computers and Electronics,0.724636530637896,3.2631618794165046e-07,3.4
nauru,Food,0.06397516545174628,0.0,3.4
nauru,Goods,0.2258302192348448,4.840731789420276e-07,3.4
nauru,Motor Vehicles,0.30932015071744573,2.1447913030650442e-07,3.4
nauru,Services,0.06567749517561264,4.805355380335458e-07,3.4
nepal,Apparel,0.4225696647802063,0.000569622819959991,3.4
nepal,Computers and Electronics,0.724636530637896,1.8335004977406554e-07,3.4
nepal,Food,0.08895378181690045,0.0001521033118295396,3.4
nepal,Goods,0.26041122630630426,1.2944927579010124e-05,3.4
nepal,Motor Vehicles,0.30932015071744573,0.0,3.4
nepal,Services,0.06567749517561264,3.492816354282538e-05,3.4
netherlands,Apparel,0.4225696647802063,0.0015679593118863478,1.8
netherlands,Computers and Electronics,0.724636530637896,0.004385623067357303,1.8
netherlands,Food,0.08895378181690045,0.015397791297796561,1.8
netherlands,Goods,0.26041122630630426,0.021245527465319176,1.8
netherlands,Motor Vehicles,0.30932015071744573,0.003023365137307992,1.8
netherlands,Services,0.06567749517561264,0.0044203752239205096,1.8
new caledonia,Apparel,0.4225696647802063,5.751321735794371e-08,3.4
new caledonia,Computers and Electronics,0.724636530637896,3.952924978154909e-07,3.4
new caledonia,Food,0.08895378181690045,6.927005273264577e-08,3.4
new caledonia,Goods,0.2537111772250647,7.498928213805384e-07,3.4
new caledonia,Motor Vehicles,0.30932015071744573,1.617967099723749e-06,3.4
new caledonia,Services,0.06567749517561264,0.0,3.4
new zealand,Apparel,0.4225696647802063,0.00021461671994943125,1.1
new zealand,Computers and Electronics,0.724636530637896,0.0005545071506101681,1.1
new zealand,Food,0.08895378181690045,0.01794044519924687,1.1
new zealand,Goods,0.26041122630630426,0.0009016773072020943,1.1
new zealand,Motor Vehicles,0.30932015071744573,0.00019273294678650725,1.1
new zealand,Services,0.06567749517561264,0.00026186046067677704,1.1
nicaragua,Apparel,0.4225696647802063,0.01292368768981212,3.4
nicaragua,Computers and Electronics,0.724636530637896,4.006004412211792e-07,3.4
nicaragua,Food,0.08895378181690045,0.0069235163592495114,3.4
nicaragua,Goods,0.26041122630630426,2.854507174938546e-05,3.4
nicaragua,Motor Vehicles,0.30932015071744573,0.0015970052943878052,3.4
nicaragua,Services,0.06567749517561264,1.2350670656727842e-05,3.4
nics - newly industrialized countries,Apparel,0.4225696647802063,0.012468435245254032,3.4
nics - newly industrialized countries,Computers and Electronics,0.724636530637896,0.14806282191336112,3.4
nics - newly industrialized countries,Food,0.08895378181690045,0.02852646076411541,3.4
nics - newly industrialized countries,Goods,0.26041122630630426,0.07870502068113484,3.4
nics - newly industrialized countries,Motor Vehicles,0.30932015071744573,0.09484904235500366,3.4
nics - newly industrialized countries,Services,0.06567749517561264,0.040404342695554936,3.4
niger,Apparel,0.4225696647802063,2.1573738132187048e-07,3.4
niger,Computers and Electronics,0.724636530637896,1.9188028804177728e-06,3.4
niger,Food,0.08895378181690045,2.295766776769636e-06,3.4
niger,Goods,0.25973718341785934,2.087549595969891e-06,3.4
niger,Motor Vehicles,0.30932015071744573,2.3282032111110108e-06,3.4
niger,Services,0.06567749517561264,8.693959229505975e-06,3.4
nigeria,Apparel,0.4225696647802063,1.2442228796965735e-05,3.5
nigeria,Computers and Electronics,0.724636530637896,1.4627613850072582e-06,3.5
nigeria,Food,0.08895378181690045,0.0005323815540320367,3.5
nigeria,Goods,0.26041122630630426,0.0003462574282991005,3.5
nigeria,Motor Vehicles,0.30932015071744573,5.972830702373096e-07,3.5
nigeria,Services,0.06567749517561264,4.929240722384775e-05,3.5
niue,Apparel,0.4225696647802063,7.498274141631199e-08,3.4
niue,Computers and Electronics,0.724636530637896,7.225645302532438e-08,3.4
niue,Goods,0.1137404601094964,1.8932097987342773e-06,3.4
norfolk island,Apparel,0.24646743791269848,2.7025657881091594e-06,3.4
norfolk island,Computers and Electronics,0.724636530637896,1.2463299926403192e-07,3.4
norfolk island,Goods,0.08889606983464768,0.0,3.4
norfolk island,Motor Vehicles,0.30932015071744573,3.165649325766573e-07,3.4
norway,Apparel,0.4225696647802063,0.000124052578091279,3.4
norway,Computers and Electronics,0.724636530637896,0.0007643905478805881,3.4
norway,Food,0.08895378181690045,0.0008144395310489543,3.4
norway,Goods,0.26041122630630426,0.0023970760166199517,3.4
norway,Motor Vehicles,0.30932015071744573,0.00045258482863824907,3.4
norway,Services,0.06567749517561264,0.0002087734977718779,3.4
oecd - organization for economic co-operation and development,Apparel,0.4225696647802063,0.181468529992646,3.4
oecd - organization for economic co-operation and development,Computers and Electronics,0.724636530637896,0.3510625257941918,3.4
oecd - organization for economic co-operation and development,Food,0.08895378181690045,0.6993825125262324,3.4
oecd - organization for economic co-operation and development,Goods,0.26041122630630426,0.6470314627009329,3.4
oecd - organization for economic co-operation and development,Motor Vehicles,0.30932015071744573,0.9121013350901381,3.4
oecd - organization for economic co-operation and development,Services,0.06567749517561264,0.5068056122134941,3.4
oman,Apparel,0.4225696647802063,2.420540753992004e-07,3.4
oman,Computers and Electronics,0.724636530637896,1.241604678960021e-06,3.4
oman,Food,0.08895378181690045,2.3191732947044846e-05,3.4
oman,Goods,0.26041122630630426,0.0010737608956651289,3.4
oman,Motor Vehicles,0.30932015071744573,1.4284344038534693e-05,3.4
oman,Services,0.06567749517561264,2.076388127305445e-06,3.4
opec - organization of petroleum exporting countries,Apparel,0.4225696647802063,0.000980207529702076,3.4
opec - organization of petroleum exporting countries,Computers and Electronics,0.724636530637896,0.00020946928023425287,3.4
opec - organization of petroleum exporting countries,Food,0.08895378181690045,0.001791058864046515,3.4
opec - organization of petroleum exporting countries,Goods,0.26041122630630426,0.012420081884285434,3.4
opec - organization of petroleum exporting countries,Motor Vehicles,0.30932015071744573,0.00030155680820790774,3.4
opec - organization of petroleum exporting countries,Services,0.06567749517561264,0.003493969709368378,3.4
pacific rim countries,Apparel,0.4225696647802063,0.3478102445953256,3.4
pacific rim countries,Computers and Electronics,0.724636530637896,0.52003422537168,3.4
pacific rim countries,Food,0.08895378181690045,0.12990144560930988,3.4
pacific rim countries,Goods,0.26041122630630426,0.30493655567596,3.4
pacific rim countries,Motor Vehicles,0.30932015071744573,0.25452913755893575,3.4
pacific rim countries,Services,0.06567749517561264,0.45076451556077113,3.4
pakistan,Apparel,0.4225696647802063,0.025343049851783952,3.6
pakistan,Computers and Electronics,0.724636530637896,2.0605768047344708e-05,3.6
pakistan,Food,0.08895378181690045,0.0010710038072994034,3.6
pakistan,Goods,0.26041122630630426,0.0005564816726539304,3.6
pakistan,Motor Vehicles,0.30932015071744573,7.832491148286365e-06,3.6
pakistan,Services,0.06567749517561264,0.00015553909386130035,3.6
palau,Apparel,0.4225696647802063,3.6426800922615763e-08,3.4
palau,Computers and Electronics,0.724636530637896,7.630168645676883e-08,3.4
palau,Food,0.08895378181690045,0.0,3.4
palau,Goods,0.25973718341785934,3.190970177572036e-08,3.4
palau,Motor Vehicles,0.30932015071744573,0.0,3.4
palau,Services,0.06567749517561264,0.0,3.4
panama,Apparel,0.4225696647802063,9.532378047142507e-05,3.4
panama,Computers and Electronics,0.724636530637896,3.713173260840002e-05,3.4
panama,Food,0.08895378181690045,0.00048362925222945294,3.4
panama,Goods,0.26041122630630426,4.874311773337568e-05,3.4
panama,Motor Vehicles,0.30932015071744573,3.8667644193363184e-06,3.4
panama,Services,0.06567749517561264,2.4599964716651947e-05,3.4
papua new guinea,Apparel,0.4225696647802063,1.1029207467584515e-07,3.4
papua new guinea,Computers and Electronics,0.724636530637896,4.1610544152888887e-07,3.4
papua new guinea,Food,0.08895378181690045,0.00039368177977868384,3.4
papua new guinea,Goods,0.25973718341785934,1.586984918140464e-06,3.4
papua new guinea,Motor Vehicles,0.30932015071744573,8.138689858590529e-08,3.4
papua new guinea,Services,0.06567749517561264,1.410199062595177e-06,3.4
paraguay,Apparel,0.4225696647802063,0.00011164497095516477,3.4
paraguay,Computers and Electronics,0.724636530637896,1.4956125784915258e-06,3.4
paraguay,Food,0.08895378181690045,0.0007996666807384839,3.4
paraguay,Goods,0.26041122630630426,4.979849117223496e-05,3.4
paraguay,Motor Vehicles,0.30932015071744573,1.967541270397797e-05,3.4
paraguay,Services,0.06567749517561264,0.0,3.4
peru,Apparel,0.4225696647802063,0.00558370278314646,1.4
peru,Computers and Electronics,0.724636530637896,5.941031768078592e-06,1.4
peru,Food,0.08895378181690045,0.020533270017284607,1.4
peru,Goods,0.26041122630630426,0.0009545453100018984,1.4
peru,Motor Vehicles,0.30932015071744573,3.82811884922193e-05,1.4
peru,Services,0.06567749517561264,0.0003653239147916541,1.4
philippines,Apparel,0.4225696647802063,0.006685920946907628,2.9
philippines,Computers and Electronics,0.724636530637896,0.011072593263544027,2.9
philippines,Food,0.08895378181690045,0.006060581273207342,2.9
philippines,Goods,0.26041122630630426,0.0020354647739239434,2.9
philippines,Motor Vehicles,0.30932015071744573,0.002065563756708373,2.9
philippines,Services,0.06567749517561264,6.513664452636631e-05,2.9
pitcairn islands,Computers and Electronics,0.724636530637896,7.44770809110635e-09,3.4
pitcairn islands,Food,0.06397516545174628,0.0,3.4
pitcairn islands,Goods,0.16817653021070667,0.0,3.4
poland,Apparel,0.4225696647802063,0.0007642538754078735,3.4
poland,Computers and Electronics,0.724636530637896,0.003719585749946937,3.4
poland,Food,0.08895378181690045,0.005454668878449259,3.4
poland,Goods,0.26041122630630426,0.0042697640436476295,3.4
poland,Motor Vehicles,0.30932015071744573,0.00486480580823624,3.4
poland,Services,0.06567749517561264,0.0024495260664252603,3.4
portugal,Apparel,0.4225696647802063,0.0059471222839678995,3.4
portugal,Computers and Electronics,0.724636530637896,0.000785911967266645,3.4
portugal,Food,0.08895378181690045,0.0014067835286219886,3.4
portugal,Goods,0.26041122630630426,0.0038426140003809854,3.4
portugal,Motor Vehicles,0.30932015071744573,0.00024925584808297563,3.4
portugal,Services,0.06567749517561264,0.00033588038217366835,3.4
qatar,Apparel,0.4225696647802063,3.8546022141657035e-07,3.4
qatar,Computers and Electronics,0.724636530637896,5.5201927192078336e-06,3.4
qatar,Food,0.08895378181690045,4.523429554754573e-08,3.4
qatar,Goods,0.26041122630630426,0.0014368964207338256,3.4
qatar,Motor Vehicles,0.30932015071744573,1.600756445556474e-06,3.4
qatar,Services,0.06567749517561264,5.597698110259326e-06,3.4
reunion,Apparel,0.4225696647802063,7.838275249534794e-07,3.4
reunion,Computers and Electronics,0.724636530637896,1.38371449657036e-07,3.4
reunion,Food,0.08895378181690045,2.111793555498393e-07,3.4
reunion,Goods,0.2385196819246153,7.305262238842075e-07,3.4
reunion,Motor Vehicles,0.30932015071744573,6.575685748100858e-08,3.4
reunion,Services,0.06567749517561264,1.6037044771482643e-06,3.4
romania,Apparel,0.4225696647802063,0.002350738301723417,3.4
romania,Computers and Electronics,0.724636530637896,0.001189647445736455,3.4
romania,Food,0.08895378181690045,0.0002607974389749723,3.4
romania,Goods,0.26041122630630426,0.0011841326205423886,3.4
romania,Motor Vehicles,0.30932015071744573,0.0010213139834513415,3.4
romania,Services,0.06567749517561264,0.00035783897180871106,3.4
russia,Apparel,0.4225696647802063,2.1854414270426873e-05,5.3
russia,Computers and Electronics,0.724636530637896,2.6875062940418833e-05,5.3
russia,Food,0.08895378181690045,0.0007533881274585865,5.3
russia,Goods,0.26041122630630426,0.002537257332035619,5.3
russia,Motor Vehicles,0.30932015071744573,0.00026435110322271284,5.3
russia,Services,0.06567749517561264,4.378177782581745e-05,5.3
rwanda,Apparel,0.4225696647802063,6.908819867707165e-06,3.4
rwanda,Computers and Electronics,0.724636530637896,3.289203976750662e-07,3.4
rwanda,Food,0.08895378181690045,0.0001329946591795242,3.4
rwanda,Goods,0.26041122630630426,6.534921182287379e-06,3.4
rwanda,Motor Vehicles,0.30932015071744573,1.8936960343493082e-07,3.4
rwanda,Services,0.06567749517561264,3.012158675770916e-06,3.4
samoa,Apparel,0.4225696647802063,4.323277409191117e-07,3.4
samoa,Computers and Electronics,0.724636530637896,2.1040107103838294e-06,3.4
samoa,Food,0.08895378181690045,2.3894041329020744e-05,3.4
samoa,Goods,0.25973718341785934,8.877687220152204e-07,3.4
samoa,Motor Vehicles,0.30932015071744573,0.0,3.4
samoa,Services,0.06567749517561264,1.439861750128112e-06,3.4
san marino,Apparel,0.24646743791269848,3.961700579484927e-06,3.4
san marino,Computers and Electronics,0.724636530637896,3.1041516529390697e-07,3.4
san marino,Food,0.06397516545174628,2.665142575764444e-06,3.4
san marino,Goods,0.2385196819246153,1.4255951227059297e-05,3.4
san marino,Motor Vehicles,0.30932015071744573,5.925621940881374e-08,3.4
san marino,Services,0.06567749517561264,1.4991522279145314e-05,3.4
sao tome and principe,Apparel,0.4225696647802063,1.6676055895232703e-08,3.4
sao tome and principe,Computers and Electronics,0.724636530637896,5.220818490880837e-07,3.4
sao tome and principe,Food,0.08895378181690045,2.481975382567819e-07,3.4
sao tome and principe,Goods,0.2258302192348448,3.53516637983274e-07,3.4
sao tome and principe,Motor Vehicles,0.30932015071744573,1.3026138307413285e-06,3.4
sao tome and principe,Services,0.06567749517561264,0.0,3.4
saudi arabia,Apparel,0.4225696647802063,0.0004953244183854446,3.4
saudi arabia,Computers and Electronics,0.724636530637896,1.4452140705375943e-05,3.4
saudi arabia,Food,0.08895378181690045,4.627540439688594e-05,3.4
saudi arabia,Goods,0.26041122630630426,0.004491563371975999,3.4
saudi arabia,Motor Vehicles,0.30932015071744573,2.9187695143547315e-05,3.4
saudi arabia,Services,0.06567749517561264,0.00016531033210744362,3.4
senegal,Apparel,0.4225696647802063,1.4142207887544936e-05,3.4
senegal,Computers and Electronics,0.724636530637896,6.643285121143506e-07,3.4
senegal,Food,0.08895378181690045,0.00044531927519492307,3.4
senegal,Goods,0.25973718341785934,4.00807542667796e-05,3.4
senegal,Motor Vehicles,0.30932015071744573,1.6220800477720064e-06,3.4
senegal,Services,0.06567749517561264,1.5132158315330875e-05,3.4
serbia,Apparel,0.4225696647802063,0.00010162911490319008,3.4
serbia,Computers and Electronics,0.724636530637896,7.317409691622902e-05,3.4
serbia,Food,0.08895378181690045,0.0005252830797196984,3.4
serbia,Goods,0.26041122630630426,0.0003595504884258878,3.4
serbia,Motor Vehicles,0.30932015071744573,0.00020831430542834348,3.4
serbia,Services,0.06567749517561264,3.706091077644341e-05,3.4
seychelles,Apparel,0.4225696647802063,3.2169844227393394e-07,3.4
seychelles,Computers and Electronics,0.724636530637896,3.215784337689951e-07,3.4
seychelles,Food,0.08895378181690045,1.2735243578959774e-07,3.4
seychelles,Goods,0.25973718341785934,1.842582296698284e-06,3.4
seychelles,Motor Vehicles,0.30932015071744573,5.030248663423826e-07,3.4
sierra leone,Apparel,0.4225696647802063,9.141017728709554e-07,3.4
sierra leone,Computers and Electronics,0.724636530637896,2.268766370914843e-06,3.4
sierra leone,Food,0.08895378181690045,1.9851531111747074e-05,3.4
sierra leone,Goods,0.26041122630630426,1.1537545492314815e-05,3.4
sierra leone,Motor Vehicles,0.30932015071744573,1.2768921831612479e-06,3.4
sierra leone,Services,0.06567749517561264,0.0,3.4
singapore,Apparel,0.4225696647802063,7.472495022234394e-05,3.4
singapore,Computers and Electronics,0.724636530637896,0.01202806806968194,3.4
singapore,Food,0.08895378181690045,0.01696813671395966,3.4
singapore,Goods,0.26041122630630426,0.02126107333018593,3.4
singapore,Motor Vehicles,0.30932015071744573,0.002240017804357589,3.4
singapore,Services,0.06567749517561264,0.0044322544323318605,3.4
sint maarten,Apparel,0.4225696647802063,1.0367983998304867e-07,3.4
sint maarten,Computers and Electronics,0.724636530637896,7.418265592527922e-08,3.4
sint maarten,Food,0.08895378181690045,1.2823476785527927e-06,3.4
sint maarten,Goods,0.26041122630630426,8.361884148954164e-07,3.4
sint maarten,Motor Vehicles,0.30932015071744573,7.105631347794781e-08,3.4
sint maarten,Services,0.06567749517561264,0.0,3.4
slovakia,Apparel,0.4225696647802063,0.00038647944449658733,3.4
slovakia,Computers and Electronics,0.724636530637896,0.00042428672191256907,3.4
slovakia,Food,0.08895378181690045,6.655409814705742e-05,3.4
slovakia,Goods,0.26041122630630426,0.0009513394258295757,3.4
slovakia,Motor Vehicles,0.30932015071744573,0.01404976249940395,3.4
slovakia,Services,0.06567749517561264,0.001018983111315216,3.4
slovenia,Apparel,0.4225696647802063,0.0001707070447797838,3.4
slovenia,Computers and Electronics,0.724636530637896,0.0001949493512860232,3.4
slovenia,Food,0.08895378181690045,0.00020703466784030659,3.4
slovenia,Goods,0.26041122630630426,0.003078704570000623,3.4
slovenia,Motor Vehicles,0.30932015071744573,0.00024019970038643396,3.4
slovenia,Services,0.06567749517561264,0.001233231992232879,3.4
solomon islands,Apparel,0.4225696647802063,1.4427896099681901e-08,3.4
solomon islands,Computers and Electronics,0.724636530637896,5.129629681903427e-09,3.4
solomon islands,Food,0.08895378181690045,1.480136221022983e-06,3.4
solomon islands,Goods,0.2325302683160844,3.4538628176227307e-07,3.4
solomon islands,Motor Vehicles,0.30932015071744573,7.009201373166931e-08,3.4
somalia,Apparel,0.4225696647802063,0.0,3.4
somalia,Computers and Electronics,0.724636530637896,1.575795698563704e-07,3.4
somalia,Food,0.06397516545174628,1.257258711350192e-06,3.4
somalia,Goods,0.26041122630630426,1.061603746031819e-06,3.4
somalia,Motor Vehicles,0.30932015071744573,0.0,3.4
somalia,Services,0.06567749517561264,7.773368997601477e-07,3.4
south africa,Apparel,0.4225696647802063,0.00029061375171867944,3.4
south africa,Computers and Electronics,0.724636530637896,0.0001664630019957613,3.4
south africa,Food,0.08895378181690045,0.00260349688230114,3.4
south africa,Goods,0.26041122630630426,0.0024346932136331636,3.4
south africa,Motor Vehicles,0.30932015071744573,0.004544791447592613,3.4
south africa,Services,0.06567749517561264,0.0004646520412916455,3.4
south sudan,Apparel,0.4225696647802063,2.6058816924310896e-08,3.4
south sudan,Computers and Electronics,0.724636530637896,1.3647220115718818e-08,3.4
south sudan,Food,0.08895378181690045,4.4190220514890925e-07,3.4
south sudan,Goods,0.23249367573182067,1.1548590801832105e-07,3.4
south sudan,Motor Vehicles,0.30932015071744573,0.0,3.4
south sudan,Services,0.06567749517561264,0.0,3.4
spain,Apparel,0.4225696647802063,0.003696993325252176,3.4
spain,Computers and Electronics,0.724636530637896,0.0027126763729908563,3.4
spain,Food,0.08895378181690045,0.01564398599062593,3.4
spain,Goods,0.26041122630630426,0.01120289338657472,3.4
spain,Motor Vehicles,0.30932015071744573,0.004512962017656971,3.4
spain,Services,0.06567749517561264,0.006674098064427264,3.4
sri lanka,Apparel,0.4225696647802063,0.011139991545419382,3.4
sri lanka,Computers and Electronics,0.724636530637896,5.2753010051340587e-05,3.4
sri lanka,Food,0.08895378181690045,0.0009690970921117524,3.4
sri lanka,Goods,0.26041122630630426,0.000751344723933572,3.4
sri lanka,Motor Vehicles,0.30932015071744573,3.068468245488524e-05,3.4
sri lanka,Services,0.06567749517561264,0.000210024041780987,3.4
st helena,Apparel,0.4225696647802063,1.327273869885036e-07,3.4
st helena,Computers and Electronics,0.724636530637896,2.841201112818216e-07,3.4
st helena,Goods,0.2258302192348448,3.860343554545001e-08,3.4
st kitts and nevis,Apparel,0.4225696647802063,1.0352511369123725e-06,3.4
st kitts and nevis,Computers and Electronics,0.724636530637896,1.7574100923124175e-05,3.4
st kitts and nevis,Food,0.08895378181690045,7.241216510832548e-06,3.4
st kitts and nevis,Goods,0.26041122630630426,6.319980219100534e-07,3.4
st kitts and nevis,Motor Vehicles,0.30932015071744573,1.4768460244634833e-08,3.4
st kitts and nevis,Services,0.06567749517561264,0.0,3.4
st lucia,Apparel,0.4225696647802063,0.0,3.4
st lucia,Computers and Electronics,0.724636530637896,6.633187588180342e-07,3.4
st lucia,Food,0.08895378181690045,1.0503582901724734e-05,3.4
st lucia,Goods,0.26041122630630426,6.00638870931788e-07,3.4
st lucia,Motor Vehicles,0.30932015071744573,2.095729409017431e-06,3.4
st lucia,Services,0.06567749517561264,0.0,3.4
st pierre and miquelon,Computers and Electronics,0.724636530637896,0.0,3.4
st pierre and miquelon,Goods,0.07300652786018182,4.827885604146328e-08,3.4
st pierre and miquelon,Motor Vehicles,0.30932015071744573,0.0,3.4
st vincent and the grenadines,Apparel,0.4225696647802063,1.1006725869629007e-07,3.4
st vincent and the grenadines,Computers and Electronics,0.724636530637896,0.0,3.4
st vincent and the grenadines,Food,0.08895378181690045,1.1807720205894692e-06,3.4
st vincent and the grenadines,Goods,0.26041122630630426,1.4400703451543e-07,3.4
st vincent and the grenadines,Motor Vehicles,0.30932015071744573,1.519820252286764e-08,3.4
st vincent and the grenadines,Services,0.06567749517561264,0.0,3.4
sudan,Computers and Electronics,0.724636530637896,0.0,3.4
sudan,Food,0.08895378181690045,3.447881812546197e-06,3.4
sudan,Goods,0.2331677186202656,1.0501289327442587e-05,3.4
sudan,Motor Vehicles,0.30932015071744573,0.0,3.4
suriname,Apparel,0.4225696647802063,3.094261346841037e-07,3.4
suriname,Computers and Electronics,0.724636530637896,5.195045937547749e-07,3.4
suriname,Food,0.08895378181690045,1.6078180536190744e-05,3.4
suriname,Goods,0.25973718341785934,8.328492408920647e-06,3.4
suriname,Motor Vehicles,0.30932015071744573,4.995355686735118e-06,3.4
suriname,Services,0.06567749517561264,1.56112979621864e-06,3.4
"svalbard, jan mayen island",Apparel,0.17610222686750782,0.0,3.4
"svalbard, jan mayen island",Computers and Electronics,0.724636530637896,0.0,3.4
"svalbard, jan mayen island",Goods,0.07928046037605899,9.163797532721831e-09,3.4
"svalbard, jan mayen island",Motor Vehicles,0.30932015071744573,0.0,3.4
sweden,Apparel,0.4225696647802063,0.00027901798153367736,1.8
sweden,Computers and Electronics,0.724636530637896,0.0023355586486846283,1.8
sweden,Food,0.08895378181690045,0.001152104525170468,1.8
sweden,Goods,0.26041122630630426,0.009393079054929582,1.8
sweden,Motor Vehicles,0.30932015071744573,0.009733607282612248,1.8
sweden,Services,0.06567749517561264,0.001483690813767585,1.8
switzerland,Apparel,0.4225696647802063,0.0008731780903172892,1.6
switzerland,Computers and Electronics,0.724636530637896,0.017473968608943197,1.6
switzerland,Food,0.08895378181690045,0.009708944084404182,1.6
switzerland,Goods,0.26041122630630426,0.025429979790508518,1.6
switzerland,Motor Vehicles,0.30932015071744573,0.0016250877343178137,1.6
switzerland,Services,0.06567749517561264,0.009283054794831748,1.6
syria,Apparel,0.4225696647802063,3.3531303350640187e-07,3.4
syria,Computers and Electronics,0.724636530637896,0.0,3.4
syria,Food,0.08895378181690045,3.725049074508839e-05,3.4
syria,Goods,0.23919372481306023,1.7079309183268103e-07,3.4
syria,Services,0.06567749517561264,3.0608403806043795e-06,3.4
taiwan,Apparel,0.4225696647802063,0.004933992305485696,3.4
taiwan,Computers and Electronics,0.724636530637896,0.10378024246687244,3.4
taiwan,Food,0.08895378181690045,0.003947518717855311,3.4
taiwan,Goods,0.26041122630630426,0.021078844670810497,3.4
taiwan,Motor Vehicles,0.30932015071744573,0.010398798231848515,3.4
taiwan,Services,0.06567749517561264,0.011676881488012445,3.4
tajikistan,Apparel,0.4225696647802063,8.256036237425675e-08,3.4
tajikistan,Computers and Electronics,0.724636530637896,5.680080000396442e-07,3.4
tajikistan,Food,0.08895378181690045,5.647355102001504e-07,3.4
tajikistan,Goods,0.2385196819246153,4.7143368193042376e-07,3.4
tajikistan,Motor Vehicles,0.30932015071744573,0.0,3.4
tanzania,Apparel,0.4225696647802063,0.0005491308830969535,3.4
tanzania,Computers and Electronics,0.724636530637896,2.0598759903316884e-07,3.4
tanzania,Food,0.08895378181690045,0.00019442964078356155,3.4
tanzania,Goods,0.26041122630630426,5.9264958176697e-05,3.4
tanzania,Motor Vehicles,0.30932015071744573,5.3407531817255024e-08,3.4
tanzania,Services,0.06567749517561264,9.022691601929794e-06,3.4
thailand,Apparel,0.4225696647802063,0.00982966489917433,3.5
thailand,Computers and Electronics,0.724636530637896,0.0530062952453496,3.5
thailand,Food,0.08895378181690045,0.01998788889082682,3.5
thailand,Goods,0.26041122630630426,0.014548686452695265,3.5
thailand,Motor Vehicles,0.30932015071744573,0.004966589851767529,3.5
thailand,Services,0.06567749517561264,0.0017637817877157065,3.5
timor-leste,Computers and Electronics,0.724636530637896,4.7624692841380833e-07,3.4
timor-leste,Food,0.08895378181690045,2.227460733614233e-05,3.4
timor-leste,Goods,0.21798936878018776,1.999704303914029e-07,3.4
timor-leste,Motor Vehicles,0.30932015071744573,2.640923522525332e-08,3.4
timor-leste,Services,0.06567749517561264,3.632806790798266e-07,3.4
togo,Apparel,0.4225696647802063,2.724088612034212e-06,3.4
togo,Computers and Electronics,0.724636530637896,1.9366529135347924e-07,3.4
togo,Food,0.08895378181690045,0.0003818336775662508,3.4
togo,Goods,0.25973718341785934,9.618157651958792e-06,3.4
togo,Motor Vehicles,0.30932015071744573,1.1320040499791072e-08,3.4
togo,Services,0.06567749517561264,0.0,3.4
tokelau,Apparel,0.17610222686750782,2.2481597955508004e-09,3.4
tokelau,Goods,0.21798936878018776,1.5376309123935334e-07,3.4
tonga,Apparel,0.4225696647802063,8.765178308771003e-08,3.4
tonga,Computers and Electronics,0.724636530637896,2.7525833389279356e-07,3.4
tonga,Food,0.08895378181690045,9.97545718667372e-07,3.4
tonga,Goods,0.2385196819246153,7.544566465096091e-07,3.4
tonga,Motor Vehicles,0.30932015071744573,1.5123364477341247e-07,3.4
tonga,Services,0.06567749517561264,0.0,3.4
trinidad and tobago,Apparel,0.4225696647802063,2.4505602994973e-07,3.4
trinidad and tobago,Computers and Electronics,0.724636530637896,5.8423848839331115e-06,3.4
trinidad and tobago,Food,0.08895378181690045,0.0002570344324263736,3.4
trinidad and tobago,Goods,0.26041122630630426,0.0007555251052618664,3.4
trinidad and tobago,Motor Vehicles,0.30932015071744573,1.3982388247114156e-06,3.4
trinidad and tobago,Services,0.06567749517561264,9.406736162282676e-06,3.4
tunisia,Apparel,0.4225696647802063,0.0008418565627398081,3.4
tunisia,Computers and Electronics,0.724636530637896,0.0001351270127920323,3.4
tunisia,Food,0.08895378181690045,0.0012792007031410626,3.4
tunisia,Goods,0.26041122630630426,0.00022644402695976842,3.4
tunisia,Motor Vehicles,0.30932015071744573,0.00012231770816510058,3.4
tunisia,Services,0.06567749517561264,1.5936366120267917e-05,3.4
turkey,Apparel,0.4225696647802063,0.017013073655414192,3.1
turkey,Computers and Electronics,0.724636530637896,0.0005629347320083646,3.1
turkey,Food,0.08895378181690045,0.009550259461995541,3.1
turkey,Goods,0.26041122630630426,0.004687733478118311,3.1
turkey,Motor Vehicles,0.30932015071744573,0.003481782455398366,3.1
turkey,Services,0.06567749517561264,0.0035707124910943954,3.1
turkmenistan,Apparel,0.4225696647802063,6.814569074396044e-08,3.4
turkmenistan,Computers and Electronics,0.724636530637896,3.052689482888607e-08,3.4
turkmenistan,Food,0.08895378181690045,0.0,3.4
turkmenistan,Goods,0.2537111772250647,8.091335701517985e-07,3.4
turkmenistan,Motor Vehicles,0.30932015071744573,2.046747174514076e-07,3.4
turkmenistan,Services,0.06567749517561264,0.0,3.4
turks and caicos islands,Apparel,0.4225696647802063,4.535728509870668e-07,3.4
turks and caicos islands,Computers and Electronics,0.724636530637896,2.486336068332455e-06,3.4
turks and caicos islands,Food,0.08895378181690045,0.0,3.4
turks and caicos islands,Goods,0.26041122630630426,4.955958178544174e-07,3.4
turks and caicos islands,Motor Vehicles,0.30932015071744573,3.7582744089685985e-07,3.4
turks and caicos islands,Services,0.06567749517561264,0.0,3.4
tuvalu,Apparel,0.4225696647802063,3.8148626836619963e-07,3.4
tuvalu,Computers and Electronics,0.724636530637896,1.635986947418052e-07,3.4
tuvalu,Food,0.06397516545174628,0.0,3.4
tuvalu,Goods,0.18485840635600187,3.6350162744620633e-07,3.4
tuvalu,Motor Vehicles,0.30932015071744573,5.8983699915300256e-08,3.4
twenty latin american republics,Apparel,0.4225696647802063,0.12333540480802443,3.4
twenty latin american republics,Computers and Electronics,0.724636530637896,0.1650502899099407,3.4
twenty latin american republics,Food,0.08895378181690045,0.3993303897535536,3.4
twenty latin american republics,Goods,0.26041122630630426,0.10986263054187732,3.4
twenty latin american republics,Motor Vehicles,0.30932015071744573,0.35322218311316866,3.4
twenty latin american republics,Services,0.06567749517561264,0.11934835843854406,3.4
uganda,Apparel,0.4225696647802063,9.906053282666105e-07,3.4
uganda,Computers and Electronics,0.724636530637896,3.4371006967224377e-07,3.4
uganda,Food,0.08895378181690045,0.0005546433294012311,3.4
uganda,Goods,0.25973718341785934,2.513046579881021e-06,3.4
uganda,Motor Vehicles,0.30932015071744573,2.096303796257606e-08,3.4
uganda,Services,0.06567749517561264,3.6720662301800914e-05,3.4
ukraine,Apparel,0.4225696647802063,0.0003604204754908785,3.4
ukraine,Computers and Electronics,0.724636530637896,8.132253440008655e-05,3.4
ukraine,Food,0.08895378181690045,0.0009249259744622299,3.4
ukraine,Goods,0.26041122630630426,0.00017943111798809938,3.4
ukraine,Motor Vehicles,0.30932015071744573,7.72370744575679e-05,3.4
ukraine,Services,0.06567749517561264,0.00010643635335126612,3.4
united arab emirates,Apparel,0.4225696647802063,0.00047095444554849024,3.4
united arab emirates,Computers and Electronics,0.724636530637896,0.00018996999860496254,3.4
united arab emirates,Food,0.08895378181690045,0.0006861060784897394,3.4
united arab emirates,Goods,0.26041122630630426,0.001869304941500536,3.4
united arab emirates,Motor Vehicles,0.30932015071744573,0.0002673901630511348,3.4
united arab emirates,Services,0.06567749517561264,0.001448577869130069,3.4
united kingdom,Apparel,0.4225696647802063,0.003775453407832256,1.8
united kingdom,Computers and Electronics,0.724636530637896,0.008954794933794568,1.8
united kingdom,Food,0.08895378181690045,0.014242416722100889,1.8
united kingdom,Goods,0.26041122630630426,0.026046551950942305,1.8
united kingdom,Motor Vehicles,0.30932015071744573,0.0290192500563964,1.8
united kingdom,Services,0.06567749517561264,0.07680693862942328,1.8
uruguay,Apparel,0.4225696647802063,7.742236507962741e-05,3.4
uruguay,Computers and Electronics,0.724636530637896,1.1964371907007031e-05,3.4
uruguay,Food,0.08895378181690045,0.002924829727187192,3.4
uruguay,Goods,0.26041122630630426,0.00022228716545813422,3.4
uruguay,Motor Vehicles,0.30932015071744573,2.024710829007816e-06,3.4
uruguay,Services,0.06567749517561264,5.8811338139563824e-05,3.4
us trade agreements partners,Apparel,0.4225696647802063,0.1504308410464014,3.4
us trade agreements partners,Computers and Electronics,0.724636530637896,0.23849898501362923,3.4
us trade agreements partners,Food,0.08895378181690045,0.6022894497520491,3.4
us trade agreements partners,Goods,0.26041122630630426,0.27686236639778805,3.4
us trade agreements partners,Motor Vehicles,0.30932015071744573,0.5896236536409,3.4
us trade agreements partners,Services,0.06567749517561264,0.2924525454680314,3.4
uzbekistan,Apparel,0.4225696647802063,1.1394969841851244e-05,3.4
uzbekistan,Computers and Electronics,0.724636530637896,1.2753764688787125e-06,3.4
uzbekistan,Food,0.08895378181690045,3.724321499833484e-05,3.4
uzbekistan,Goods,0.26041122630630426,3.836744945363184e-06,3.4
uzbekistan,Motor Vehicles,0.30932015071744573,7.128124687528625e-07,3.4
uzbekistan,Services,0.06567749517561264,9.061078609325358e-07,3.4
vanuatu,Apparel,0.24646743791269848,2.049792754766906e-09,3.4
vanuatu,Computers and Electronics,0.724636530637896,6.612121687789016e-08,3.4
vanuatu,Food,0.08895378181690045,9.2630680802446e-06,3.4
vanuatu,Goods,0.2458703267704076,3.214778255575781e-06,3.4
vanuatu,Motor Vehicles,0.30932015071744573,0.0,3.4
vanuatu,Services,0.06567749517561264,0.0,3.4
vatican city,Computers and Electronics,0.724636530637896,3.664906845934535e-07,3.4
vatican city,Goods,0.21798936878018776,1.047872415957249e-07,3.4
vatican city,Motor Vehicles,0.30932015071744573,1.074355695582023e-08,3.4
venezuela,Apparel,0.4225696647802063,5.123093317631779e-07,3.4
venezuela,Computers and Electronics,0.724636530637896,1.2220461515592954e-06,3.4
venezuela,Food,0.08895378181690045,0.0004564723017839698,3.4
venezuela,Goods,0.26041122630630426,8.002732336234448e-05,3.4
venezuela,Motor Vehicles,0.30932015071744573,2.5900273626559933e-06,3.4
venezuela,Services,0.06567749517561264,0.0004418866265557069,3.4
vietnam,Apparel,0.4225696647802063,0.15944070535785648,4.2
vietnam,Computers and Electronics,0.724636530637896,0.10145823602404315,4.2
vietnam,Food,0.08895378181690045,0.01442064675153206,4.2
vietnam,Goods,0.26041122630630426,0.024299727012837107,4.2
vietnam,Motor Vehicles,0.30932015071744573,0.00406945762029844,4.2
vietnam,Services,0.06567749517561264,0.04481006839053491,4.2
wallis and futuna,Apparel,0.24646743791269848,2.6971305311916807e-08,3.4
wallis and futuna,Computers and Electronics,0.724636530637896,1.152404275344351e-08,3.4
wallis and futuna,Goods,0.12909329894554006,2.6067746091615405e-08,3.4
wallis and futuna,Motor Vehicles,0.30932015071744573,0.0,3.4
wallis and futuna,Services,0.06567749517561264,6.3495599960206e-07,3.4
west bank administered by israel,Apparel,0.24646743791269848,7.461377872045395e-07,3.4
west bank administered by israel,Computers and Electronics,0.724636530637896,1.1232105866130656e-07,3.4
west bank administered by israel,Food,0.08895378181690045,2.0334503134058005e-05,3.4
west bank administered by israel,Goods,0.2385196819246153,3.9483019226905764e-07,3.4
west bank administered by israel,Motor Vehicles,0.30932015071744573,2.759155056634261e-08,3.4
yemen,Apparel,0.4225696647802063,2.131387730876015e-06,3.4
yemen,Computers and Electronics,0.724636530637896,1.4272976881280036e-07,3.4
yemen,Food,0.08895378181690045,2.2351953790182644e-05,3.4
yemen,Goods,0.26041122630630426,3.8746078252063334e-07,3.4
yemen,Motor Vehicles,0.30932015071744573,0.0,3.4
yemen,Services,0.06567749517561264,2.093836767030701e-06,3.4
zambia,Apparel,0.4225696647802063,1.579861235149861e-07,3.4
zambia,Computers and Electronics,0.724636530637896,2.1231151598135214e-07,3.4
zambia,Food,0.08895378181690045,4.319374950032304e-05,3.4
zambia,Goods,0.25973718341785934,0.00011169816672819732,3.4
zambia,Motor Vehicles,0.30932015071744573,7.855248622298537e-07,3.4
zambia,Services,0.06567749517561264,3.951942411373195e-06,3.4
zimbabwe,Apparel,0.4225696647802063,1.228320455260398e-05,3.4
zimbabwe,Computers and Electronics,0.724636530637896,3.1398973343117514e-07,3.4
zimbabwe,Food,0.08895378181690045,0.0002457643705608924,3.4
zimbabwe,Goods,0.2385196819246153,1.1854026003504315e-06,3.4
zimbabwe,Motor Vehicles,0.30932015071744573,0.0,3.4
zimbabwe,Services,0.06567749517561264,0.000165148932189985,3.4
